time,ambulance_speed,acceleration,speed_loss,avg_speed,density,avg_waiting_time,queue_length,vehicles_sampled,vehicles_in_radius,vehicles_cleared,cumulative_vehicles_cleared,same_lane_density,adjacent_lane_density,close_adjacent_vehicles,intersection_delay,controller_state
2500,0.0,0.0,33.0,18.052,27.18,0.0,0,5,0,0,0,0,0,0,0,CRUISING
2510,19.269,0.536,13.731,17.99,29.194,0.0,0,5,4,3,4,2,2,0,0,CLEARING_PATH
2520,19.562,0.084,13.438,17.909,29.194,0.0,0,5,4,3,4,2,2,0,0,CLEARING_PATH
2530,19.849,0.034,13.151,17.831,29.194,0.0,0,5,4,3,4,2,2,0,0,CLEARING_PATH
2540,20.127,0.028,12.873,17.734,29.194,0.0,0,5,4,3,4,2,2,0,0,CLEARING_PATH
2550,20.398,0.027,12.602,17.467,29.194,0.0,0,5,4,3,4,2,2,0,0,CLEARING_PATH
2560,20.639,0.024,12.361,17.212,29.194,0.0,0,5,4,3,4,2,2,0,0,CLEARING_PATH
2570,20.868,0.023,12.132,16.967,29.194,0.0,0,5,4,3,4,2,2,1,0,CLEARING_PATH
2580,21.081,0.021,11.919,16.735,29.194,0.0,0,5,4,3,4,2,2,1,0,CLEARING_PATH
2590,21.28,0.02,11.72,16.515,29.194,0.0,0,5,4,3,4,2,2,1,0,CLEARING_PATH
2600,21.46,0.018,11.54,16.307,29.194,0.0,0,5,4,3,4,2,2,1,0,CLEARING_PATH
2610,21.611,0.015,11.389,16.11,29.194,0.0,0,5,3,2,4,1,2,1,0,CLEARING_PATH
2620,21.72,0.011,11.28,15.924,29.194,0.0,0,5,3,2,4,1,2,1,0,CLEARING_PATH
2630,21.789,0.007,11.211,15.749,29.194,0.0,0,5,3,2,4,1,2,1,0,CLEARING_PATH
2640,21.807,0.002,11.193,15.587,29.194,0.0,0,5,3,2,4,1,2,1,0,CLEARING_PATH
2650,21.768,-0.003,11.232,15.438,29.194,0.0,0,5,3,2,4,1,2,1,0,CLEARING_PATH
2660,21.798,0.002,11.202,15.301,29.194,0.0,0,5,3,1,4,1,2,1,0,CLEARING_PATH
2670,21.771,-0.003,11.229,15.176,29.194,0.0,0,5,3,1,4,1,2,1,0,CLEARING_PATH
2680,21.688,-0.009,11.312,15.063,29.194,0.0,0,5,3,1,4,1,2,1,0,CLEARING_PATH
2690,21.536,-0.016,11.464,14.961,29.194,0.0,0,5,3,1,4,1,2,1,0,CLEARING_PATH
2700,21.322,-0.019,11.678,14.87,29.194,0.0,0,5,3,1,4,1,2,1,0,CLEARING_PATH
2710,21.308,-0.004,11.692,12.53,30.2,0.0,0,6,3,1,4,1,2,1,0,CLEARING_PATH
2720,21.273,-0.004,11.727,12.468,30.2,0.0,0,6,3,1,4,1,2,1,0,CLEARING_PATH
2730,21.216,-0.006,11.784,12.418,30.2,0.0,0,6,3,1,4,1,2,1,0,CLEARING_PATH
2740,21.096,-0.016,11.904,12.377,30.2,0.0,0,6,3,1,4,1,2,1,0,CLEARING_PATH
2750,20.646,-0.042,12.354,12.345,30.2,0.0,0,6,3,1,4,1,2,1,0,CLEARING_PATH
2760,20.196,-0.045,12.804,12.324,31.207,0.0,0,6,3,2,4,1,2,1,0,CLEARING_PATH
2770,19.746,-0.045,13.254,12.316,31.207,0.0,0,6,3,2,4,1,2,1,0,CLEARING_PATH
2780,19.296,-0.045,13.704,12.312,31.207,0.0,0,6,3,2,4,1,2,1,0,CLEARING_PATH
2790,18.846,-0.045,14.154,12.299,31.207,0.0,0,6,3,1,4,1,2,1,0,CLEARING_PATH
2800,18.396,-0.045,14.604,12.274,31.207,0.0,0,6,3,1,4,1,2,1,0,CLEARING_PATH
2810,17.946,-0.045,15.054,12.238,31.207,0.0,0,6,2,0,4,1,1,1,0,CLEARING_PATH
2820,17.862,-0.01,15.138,12.228,31.207,0.0,0,6,1,0,4,1,0,0,0,CLEARING_PATH
2830,17.806,-0.006,15.194,12.239,31.207,0.0,0,6,1,0,4,0,1,0,0,CLEARING_PATH
2840,17.723,-0.009,15.277,12.256,31.207,0.0,0,6,1,0,4,0,1,0,0,CLEARING_PATH
2850,17.62,-0.009,15.38,12.258,31.207,0.0,0,6,1,0,4,0,1,0,0,CLEARING_PATH
2860,17.577,-0.005,15.423,12.255,31.207,0.0,0,6,1,0,4,0,1,0,0,CLEARING_PATH
2870,17.516,-0.006,15.484,12.25,31.207,0.0,0,6,1,0,4,0,1,0,0,CLEARING_PATH
2880,17.434,-0.008,15.566,12.242,31.207,0.0,0,6,1,0,4,0,1,0,0,CLEARING_PATH
2890,17.326,-0.011,15.674,12.231,32.214,0.0,0,6,1,0,4,0,1,0,0,CLEARING_PATH
2900,17.197,-0.013,15.803,12.22,32.214,0.0,0,6,1,0,4,0,1,0,0,CLEARING_PATH
2910,17.093,-0.01,15.907,12.208,32.214,0.0,0,6,1,0,4,0,1,0,0,CLEARING_PATH
2920,17.049,-0.004,15.951,12.197,32.214,0.0,0,6,1,0,4,0,1,0,0,CLEARING_PATH
2930,17.057,0.001,15.943,12.189,32.214,0.0,0,6,1,0,4,0,1,0,0,CLEARING_PATH
2940,17.095,0.004,15.905,12.179,32.214,0.0,0,6,1,0,4,0,1,0,0,CLEARING_PATH
2950,17.164,0.007,15.836,10.493,33.22,0.0,0,7,1,0,4,0,1,0,0,CLEARING_PATH
2960,17.263,0.01,15.737,10.483,33.22,0.0,0,7,1,0,4,0,1,0,0,CLEARING_PATH
2970,17.391,0.013,15.609,10.479,33.22,0.0,0,7,1,0,4,0,1,0,0,CLEARING_PATH
2980,17.55,0.016,15.45,10.48,33.22,0.0,0,7,1,0,4,0,1,0,0,CLEARING_PATH
2990,17.738,0.019,15.262,10.487,33.22,0.0,0,7,1,0,4,0,1,0,0,CLEARING_PATH
3000,17.957,0.022,15.043,10.506,33.22,0.0,0,7,1,0,4,0,1,1,0,CLEARING_PATH
3010,18.205,0.025,14.795,10.53,33.22,0.0,0,7,2,0,4,0,2,2,0,CLEARING_PATH
3020,18.484,0.028,14.516,10.559,33.22,0.0,0,7,2,0,4,0,2,2,0,CLEARING_PATH
3030,18.792,0.031,14.208,10.586,33.22,0.0,0,7,1,0,4,0,1,1,0,CLEARING_PATH
3040,19.131,0.034,13.869,10.622,33.22,0.0,0,7,1,0,4,0,1,1,0,CLEARING_PATH
3050,19.48,0.035,13.52,10.661,33.22,0.0,0,7,1,0,4,0,1,1,0,CLEARING_PATH
3060,19.831,0.035,13.169,10.703,33.22,0.0,0,7,1,0,4,0,1,1,0,CLEARING_PATH
3070,20.095,0.018,12.905,10.748,33.22,0.0,0,7,1,0,4,0,1,1,0,CLEARING_PATH
3080,19.645,-0.038,13.355,10.801,33.22,0.0,0,7,1,0,4,0,1,1,0,CLEARING_PATH
3090,19.195,-0.044,13.805,10.86,33.22,0.0,0,7,1,0,4,0,1,1,0,CLEARING_PATH
3100,18.745,-0.045,14.255,10.922,33.22,0.0,0,7,1,0,4,0,1,1,0,CLEARING_PATH
3110,18.295,-0.045,14.705,10.988,33.22,0.0,0,7,1,0,4,0,1,1,0,CLEARING_PATH
3120,17.845,-0.045,15.155,11.059,33.22,0.0,0,7,1,0,4,0,1,1,0,CLEARING_PATH
3130,17.395,-0.045,15.605,11.134,33.22,0.0,0,7,1,0,4,0,1,1,0,CLEARING_PATH
3140,16.945,-0.045,16.055,11.212,33.22,0.0,0,7,1,0,4,0,1,1,0,CLEARING_PATH
3150,16.507,-0.043,16.493,11.295,33.22,0.0,0,7,0,0,4,0,0,0,0,CRUISING
3160,16.126,-0.038,16.874,11.383,33.22,0.0,0,7,0,0,4,0,0,0,0,CRUISING
3170,15.805,-0.032,17.195,11.478,34.227,0.0,0,7,0,0,4,0,0,0,0,CRUISING
3180,15.544,-0.026,17.456,11.577,34.227,0.0,0,7,0,0,4,0,0,0,0,CRUISING
3190,15.343,-0.02,17.657,11.68,34.227,0.0,0,7,0,0,4,0,0,0,0,CRUISING
3200,15.202,-0.014,17.798,11.787,34.227,0.0,0,7,0,0,4,0,0,0,0,CRUISING
3210,15.121,-0.008,17.879,11.891,34.227,0.0,0,7,0,0,4,0,0,0,0,CRUISING
3220,15.1,-0.002,17.9,11.995,34.227,0.0,0,7,0,0,4,0,0,0,0,CRUISING
3230,15.12,0.002,17.88,12.095,34.227,0.0,0,7,0,0,4,0,0,0,0,CRUISING
3240,15.169,0.005,17.831,12.187,34.227,0.0,0,7,0,0,4,0,0,0,0,CRUISING
3250,15.249,0.008,17.751,12.273,35.234,0.0,0,7,0,0,4,0,0,0,0,CRUISING
3260,15.358,0.011,17.642,12.352,35.234,0.0,0,7,0,0,4,0,0,0,0,CRUISING
3270,15.498,0.014,17.502,12.425,35.234,0.0,0,7,0,0,4,0,0,0,0,CRUISING
3280,15.667,0.017,17.333,12.489,35.234,0.0,0,7,0,0,4,0,0,0,0,CRUISING
3290,15.867,0.02,17.133,12.543,35.234,0.0,0,7,0,0,4,0,0,0,0,CRUISING
3300,16.096,0.023,16.904,12.588,35.234,0.0,0,7,0,0,4,0,0,0,0,CRUISING
3310,16.356,0.026,16.644,12.626,35.234,0.0,0,7,0,0,4,0,0,0,0,CRUISING
3320,16.645,0.029,16.355,12.654,35.234,0.0,0,7,0,0,4,0,0,0,0,CRUISING
3330,16.965,0.032,16.035,12.678,35.234,0.0,0,7,0,0,4,0,0,0,0,CRUISING
3340,17.314,0.035,15.686,12.699,35.234,0.0,0,7,0,0,4,0,0,0,0,CRUISING
3350,17.674,0.036,15.326,12.714,35.234,0.0,0,7,0,0,4,0,0,0,0,CRUISING
3360,18.03,0.036,14.97,12.726,35.234,0.0,0,7,0,0,4,0,0,0,0,CRUISING
3370,18.384,0.035,14.616,12.731,35.234,0.0,0,7,0,0,4,0,0,0,0,CRUISING
3380,18.74,0.036,14.26,12.742,35.234,0.0,0,7,0,0,4,0,0,0,0,CRUISING
3390,19.095,0.036,13.905,12.754,35.234,0.0,0,7,0,0,4,0,0,0,0,CRUISING
3400,19.451,0.035,13.549,12.765,35.234,0.0,0,7,0,0,4,0,0,0,0,CRUISING
3410,19.804,0.035,13.196,12.774,35.234,0.0,0,7,0,0,4,0,0,0,0,CRUISING
3420,20.153,0.035,12.847,12.783,35.234,0.0,0,7,0,0,4,0,0,0,0,CRUISING
3430,20.5,0.035,12.5,12.793,35.234,0.0,0,7,0,0,4,0,0,0,0,CRUISING
3440,20.843,0.034,12.157,12.805,35.234,0.0,0,7,0,0,4,0,0,0,0,CRUISING
3450,21.187,0.034,11.813,12.816,35.234,0.0,0,7,0,0,4,0,0,0,0,CRUISING
3460,21.525,0.034,11.475,12.828,35.234,0.0,0,7,0,0,4,0,0,0,0,CRUISING
3470,21.853,0.033,11.147,12.842,35.234,0.0,0,7,0,0,4,0,0,0,0,CRUISING
3480,22.175,0.032,10.825,12.851,35.234,0.0,0,7,0,0,4,0,0,0,0,CRUISING
3490,22.494,0.032,10.506,11.408,36.24,0.0,0,8,0,0,4,0,0,0,0,CRUISING
3500,22.809,0.031,10.191,11.408,36.24,0.0,0,8,0,0,4,0,0,0,0,CRUISING
3510,23.116,0.031,9.884,11.417,36.24,0.0,0,8,0,0,4,0,0,0,0,CRUISING
3520,23.42,0.03,9.58,11.436,36.24,0.0,0,8,0,0,4,0,0,0,0,CRUISING
3530,23.719,0.03,9.281,11.459,36.24,0.0,0,8,0,0,4,0,0,0,0,CRUISING
3540,24.012,0.029,8.988,11.484,36.24,0.0,0,8,0,0,4,0,0,0,0,CRUISING
3550,24.298,0.029,8.702,11.512,36.24,0.0,0,8,0,0,4,0,0,0,0,CRUISING
3560,24.573,0.028,8.427,11.543,36.24,0.0,0,8,0,0,4,0,0,0,0,CRUISING
3570,24.843,0.027,8.157,11.577,36.24,0.0,0,8,0,0,4,0,0,0,0,CRUISING
3580,25.109,0.027,7.891,11.609,36.24,0.0,0,8,0,0,4,0,0,0,0,CRUISING
3590,25.371,0.026,7.629,11.641,37.247,0.0,0,8,0,0,4,0,0,0,0,CRUISING
3600,25.628,0.026,7.372,11.672,37.247,0.0,0,8,0,0,4,0,0,0,0,CRUISING
3610,25.878,0.025,7.122,11.702,37.247,0.0,0,8,0,0,4,0,0,0,0,CRUISING
3620,26.121,0.024,6.879,11.733,37.247,0.0,0,8,0,0,4,0,0,0,0,CRUISING
3630,26.357,0.024,6.643,11.764,37.247,0.0,0,8,0,0,4,0,0,0,0,CRUISING
3640,26.588,0.023,6.412,11.795,37.247,0.0,0,8,0,0,4,0,0,0,0,CRUISING
3650,26.812,0.022,6.188,11.825,38.254,0.0,1,8,0,0,4,0,0,0,0,CRUISING
3660,27.028,0.022,5.972,11.853,38.254,0.0,0,8,0,0,4,0,0,0,0,CRUISING
3670,27.24,0.021,5.76,11.877,38.254,0.0,0,8,0,0,4,0,0,0,0,CRUISING
3680,27.446,0.021,5.554,11.898,38.254,0.0,0,8,0,0,4,0,0,0,0,CRUISING
3690,27.646,0.02,5.354,11.917,38.254,0.0,0,8,0,0,4,0,0,0,0,CRUISING
3700,27.838,0.019,5.162,11.934,38.254,0.0,0,8,0,0,4,0,0,0,0,CRUISING
3710,28.025,0.019,4.975,11.949,38.254,0.0,0,8,0,0,4,0,0,0,0,CRUISING
3720,28.206,0.018,4.794,11.962,38.254,0.0,0,8,0,0,4,0,0,0,0,CRUISING
3730,28.38,0.017,4.62,11.974,38.254,0.0,0,8,0,0,4,0,0,0,0,CRUISING
3740,28.548,0.017,4.452,11.987,38.254,0.0,0,8,0,0,4,0,0,0,0,CRUISING
3750,28.712,0.016,4.288,12.0,38.254,0.0,0,8,0,0,4,0,0,0,0,CRUISING
3760,28.874,0.016,4.126,12.009,38.254,0.0,0,8,0,0,4,0,0,0,0,CRUISING
3770,29.033,0.016,3.967,12.018,38.254,0.0,0,8,0,0,4,0,0,0,0,CRUISING
3780,29.19,0.016,3.81,12.027,38.254,0.0,0,8,0,0,4,0,0,0,0,CRUISING
3790,29.342,0.015,3.658,12.039,39.26,0.0,0,8,0,0,4,0,0,0,0,CRUISING
3800,29.49,0.015,3.51,12.053,39.26,0.0,0,8,0,0,4,0,0,0,0,CRUISING
3810,29.634,0.014,3.366,12.07,39.26,0.0,0,8,0,0,4,0,0,0,0,CRUISING
3820,29.772,0.014,3.228,12.088,39.26,0.0,0,8,0,0,4,0,0,0,0,CRUISING
3830,29.906,0.013,3.094,12.109,39.26,0.0,0,8,0,0,4,0,0,0,0,CRUISING
3840,30.036,0.013,2.964,12.131,39.26,0.0,0,8,0,0,4,0,0,0,0,CRUISING
3850,30.161,0.012,2.839,12.155,39.26,0.0,0,8,0,0,4,0,0,0,0,CRUISING
3860,30.281,0.012,2.719,12.181,40.267,0.0,0,8,0,0,4,0,0,0,0,CRUISING
3870,30.397,0.012,2.603,12.206,40.267,0.0,0,8,0,0,4,0,0,0,0,CRUISING
3880,30.506,0.011,2.494,12.231,40.267,0.0,0,8,0,0,4,0,0,0,0,CRUISING
3890,30.61,0.01,2.39,12.258,40.267,0.0,0,8,0,0,4,0,0,0,0,CRUISING
3900,30.71,0.01,2.29,12.287,40.267,0.0,0,8,0,0,4,0,0,0,0,CRUISING
3910,30.806,0.01,2.194,12.318,40.267,0.0,0,8,0,0,4,0,0,0,0,CRUISING
3920,30.901,0.009,2.099,12.35,40.267,0.0,0,8,0,0,4,0,0,0,0,CRUISING
3930,30.994,0.009,2.006,12.385,40.267,0.0,0,8,0,0,4,0,0,0,0,CRUISING
3940,31.083,0.009,1.917,12.934,41.274,0.0,0,9,0,0,4,0,0,0,0,CRUISING
3950,31.168,0.009,1.832,12.966,41.274,0.0,0,9,0,0,4,0,0,0,0,CRUISING
3960,31.249,0.008,1.751,13.001,41.274,0.0,0,9,0,0,4,0,0,0,0,CRUISING
3970,31.324,0.007,1.676,13.032,41.274,0.0,0,9,0,0,4,0,0,0,0,CRUISING
3980,31.393,0.007,1.607,13.06,41.274,0.0,0,9,0,0,4,0,0,0,0,CRUISING
3990,31.458,0.007,1.542,13.084,41.274,0.0,0,9,0,0,4,0,0,0,0,CRUISING
4000,31.521,0.006,1.479,13.107,41.274,0.0,0,9,0,0,4,0,0,0,0,CRUISING
4010,31.58,0.006,1.42,13.126,41.274,0.0,0,9,0,0,4,0,0,0,0,CRUISING
4020,31.636,0.006,1.364,13.144,41.274,0.0,0,9,1,1,5,1,0,0,0,CLEARING_PATH
4030,31.69,0.005,1.31,13.162,41.274,0.0,0,9,1,1,5,1,0,0,0,CLEARING_PATH
4040,31.742,0.005,1.258,13.177,41.274,0.0,0,9,1,1,5,1,0,0,0,CLEARING_PATH
4050,31.787,0.004,1.213,13.187,41.274,0.0,0,9,1,1,5,1,0,0,0,CLEARING_PATH
4060,31.782,-0.0,1.218,13.192,41.274,0.0,0,9,1,1,5,1,0,0,0,CLEARING_PATH
4070,31.733,-0.005,1.267,13.195,41.274,0.0,0,9,1,1,5,1,0,0,0,CLEARING_PATH
4080,31.635,-0.01,1.365,13.199,41.274,0.0,0,9,1,1,5,1,0,0,0,CLEARING_PATH
4090,31.48,-0.016,1.52,13.202,41.274,0.0,0,9,1,1,5,1,0,0,0,CLEARING_PATH
4100,31.253,-0.023,1.747,13.204,42.28,0.0,0,9,1,1,5,1,0,0,0,CLEARING_PATH
4110,30.991,-0.026,2.009,13.204,42.28,0.0,0,9,1,1,5,1,0,0,0,CLEARING_PATH
4120,30.691,-0.03,2.309,13.201,43.287,0.0,0,9,1,0,5,0,1,0,0,CLEARING_PATH
4130,30.386,-0.03,2.614,13.201,43.287,0.0,0,9,1,0,5,0,1,0,0,CLEARING_PATH
4140,30.05,-0.036,2.95,13.201,43.287,0.0,0,9,1,0,5,0,1,0,0,CLEARING_PATH
4150,29.628,-0.041,3.372,13.2,43.287,0.0,0,9,1,0,5,0,1,0,0,CLEARING_PATH
4160,29.218,-0.041,3.782,13.197,43.287,0.0,0,9,1,0,5,0,1,0,0,CLEARING_PATH
4170,28.818,-0.04,4.182,13.193,43.287,0.0,0,9,1,0,5,0,1,0,0,CLEARING_PATH
4180,28.415,-0.04,4.585,13.192,43.287,0.0,0,9,1,0,5,0,1,0,0,CLEARING_PATH
4190,28.018,-0.039,4.982,13.19,43.287,0.0,0,9,1,0,5,0,1,0,0,CLEARING_PATH
4200,27.668,-0.035,5.332,13.19,43.287,0.0,0,9,1,0,5,0,1,0,0,CLEARING_PATH
4210,27.379,-0.029,5.621,13.188,43.287,0.0,0,9,1,0,5,0,1,0,0,CLEARING_PATH
4220,27.149,-0.023,5.851,13.185,43.287,0.0,0,9,1,0,5,0,1,0,0,CLEARING_PATH
4230,26.979,-0.017,6.021,13.185,43.287,0.0,0,9,1,0,5,0,1,0,0,CLEARING_PATH
4240,26.869,-0.011,6.131,13.186,43.287,0.0,0,9,2,0,5,0,2,0,0,CLEARING_PATH
4250,26.82,-0.005,6.18,13.186,43.287,0.0,0,9,2,0,5,0,2,0,0,CLEARING_PATH
4260,26.824,0.0,6.176,13.183,43.287,0.0,0,9,2,0,5,0,2,0,0,CLEARING_PATH
4270,26.859,0.004,6.141,13.639,44.294,0.0,0,10,2,0,5,0,2,0,0,CLEARING_PATH
4280,26.925,0.007,6.075,13.638,44.294,0.0,0,10,2,0,5,0,2,0,0,CLEARING_PATH
4290,27.021,0.01,5.979,13.638,44.294,0.0,0,10,2,0,5,0,2,0,0,CLEARING_PATH
4300,27.147,0.013,5.853,13.64,44.294,0.0,0,10,2,0,5,0,2,0,0,CLEARING_PATH
4310,27.303,0.016,5.697,13.643,44.294,0.0,0,10,2,0,5,0,2,0,0,CLEARING_PATH
4320,27.483,0.018,5.517,13.647,44.294,0.0,0,10,2,0,5,0,2,0,0,CLEARING_PATH
4330,27.659,0.018,5.341,13.654,44.294,0.0,0,10,2,0,5,0,2,0,0,CLEARING_PATH
4340,27.835,0.018,5.165,13.661,44.294,0.0,0,10,2,0,5,0,2,0,0,CLEARING_PATH
4350,28.009,0.017,4.991,13.669,44.294,0.0,0,10,2,0,5,0,2,1,0,CLEARING_PATH
4360,28.18,0.017,4.82,13.675,45.3,0.0,0,10,2,0,5,0,2,1,0,CLEARING_PATH
4370,28.347,0.017,4.653,13.682,45.3,0.0,0,10,2,0,5,0,2,1,0,CLEARING_PATH
4380,28.509,0.016,4.491,13.691,45.3,0.0,0,10,2,0,5,0,2,1,0,CLEARING_PATH
4390,28.666,0.016,4.334,13.701,45.3,0.0,0,10,2,0,5,0,2,1,0,CLEARING_PATH
4400,28.818,0.015,4.182,13.711,46.307,0.0,0,10,2,0,5,0,2,1,0,CLEARING_PATH
4410,28.965,0.015,4.035,13.72,46.307,0.0,0,10,2,0,5,0,2,1,0,CLEARING_PATH
4420,29.105,0.014,3.895,13.73,46.307,0.0,0,10,2,0,5,0,2,1,0,CLEARING_PATH
4430,29.121,-0.008,3.879,13.741,46.307,0.0,0,10,2,0,5,0,2,1,0,CLEARING_PATH
4440,28.671,-0.041,4.329,13.752,46.307,0.0,0,10,2,0,5,0,2,1,0,CLEARING_PATH
4450,28.221,-0.045,4.779,13.763,46.307,0.0,0,10,3,1,6,1,2,1,0,CLEARING_PATH
4460,27.771,-0.045,5.229,13.777,46.307,0.0,0,10,3,1,6,1,2,1,0,CLEARING_PATH
4470,27.321,-0.045,5.679,13.791,46.307,0.0,0,10,3,1,6,1,2,1,0,CLEARING_PATH
4480,27.373,0.003,5.627,13.807,46.307,0.0,0,10,2,1,6,1,1,0,0,CLEARING_PATH
4490,27.485,0.011,5.515,13.822,46.307,0.0,0,10,2,1,6,1,1,0,0,CLEARING_PATH
4500,27.617,0.013,5.383,13.838,47.314,0.0,0,10,2,1,6,1,1,0,0,CLEARING_PATH
4510,27.733,0.012,5.267,13.854,47.314,0.0,0,10,2,1,6,1,1,0,0,CLEARING_PATH
4520,27.834,0.01,5.166,13.869,47.314,0.0,0,10,2,1,6,1,1,0,0,CLEARING_PATH
4530,27.913,0.008,5.087,13.883,47.314,0.0,0,10,2,1,6,1,1,0,0,CLEARING_PATH
4540,27.969,0.006,5.031,13.894,47.314,0.0,0,10,2,1,6,1,1,0,0,CLEARING_PATH
4550,28.006,0.004,4.994,13.904,47.314,0.0,0,10,2,0,6,0,2,0,0,CLEARING_PATH
4560,28.022,0.002,4.978,13.914,47.314,0.0,0,10,2,0,6,0,2,0,0,CLEARING_PATH
4570,28.009,-0.001,4.991,13.925,47.314,0.0,0,10,2,0,6,0,2,0,0,CLEARING_PATH
4580,27.962,-0.005,5.038,13.933,47.314,0.0,0,10,2,0,6,0,2,0,0,CLEARING_PATH
4590,27.894,-0.007,5.106,13.934,47.314,0.0,0,10,2,0,6,0,2,0,0,CLEARING_PATH
4600,27.814,-0.008,5.186,13.932,48.32,0.0,0,10,2,0,6,0,2,0,0,CLEARING_PATH
4610,27.725,-0.009,5.275,13.925,48.32,0.0,0,10,3,1,7,1,2,0,0,CLEARING_PATH
4620,27.616,-0.011,5.384,13.913,48.32,0.0,0,10,3,1,7,1,2,0,0,CLEARING_PATH
4630,27.608,0.004,5.392,13.897,48.32,0.0,0,10,3,1,7,1,2,0,0,CLEARING_PATH
4640,27.744,0.012,5.256,13.875,48.32,0.0,0,10,3,1,7,1,2,0,0,CLEARING_PATH
4650,27.868,0.012,5.132,13.22,50.334,0.0,0,11,3,1,7,1,2,0,0,CLEARING_PATH
4660,27.98,0.011,5.02,13.197,50.334,0.0,0,11,3,2,8,1,2,0,0,CLEARING_PATH
4670,28.08,0.01,4.92,13.164,50.334,0.0,0,11,3,2,8,1,2,0,0,CLEARING_PATH
4680,28.165,0.008,4.835,13.115,50.334,0.0,0,11,3,2,8,1,2,0,0,CLEARING_PATH
4690,28.238,0.007,4.762,13.066,50.334,0.0,0,11,3,2,8,1,2,0,0,CLEARING_PATH
4700,28.284,0.005,4.716,13.008,50.334,0.0,0,11,3,2,8,1,2,0,0,CLEARING_PATH
4710,28.314,0.003,4.686,12.946,50.334,0.0,0,11,3,1,8,0,3,0,0,CLEARING_PATH
4720,28.313,-0.0,4.687,12.881,50.334,0.0,0,11,3,1,8,0,3,0,0,CLEARING_PATH
4730,28.285,-0.003,4.715,12.816,50.334,0.0,0,11,3,1,8,0,3,0,0,CLEARING_PATH
4740,28.24,-0.005,4.76,12.746,50.334,0.0,0,11,3,1,8,0,3,0,0,CLEARING_PATH
4750,28.172,-0.007,4.828,12.671,50.334,0.0,0,11,3,1,8,0,3,0,0,CLEARING_PATH
4760,28.039,-0.013,4.961,12.59,50.334,0.0,0,11,3,1,8,0,3,1,0,CLEARING_PATH
4770,27.882,-0.016,5.118,12.507,50.334,0.0,0,11,3,1,8,0,3,1,0,CLEARING_PATH
4780,27.716,-0.017,5.284,12.422,50.334,0.0,0,11,3,1,8,0,3,1,0,CLEARING_PATH
4790,27.532,-0.019,5.468,12.335,50.334,0.0,0,11,3,1,8,0,3,1,0,CLEARING_PATH
4800,27.319,-0.021,5.681,12.246,50.334,0.0,0,11,3,1,8,0,3,1,0,CLEARING_PATH
4810,27.119,-0.019,5.881,12.153,51.34,0.0,0,11,3,1,8,0,3,1,0,CLEARING_PATH
4820,26.978,-0.014,6.022,12.068,51.34,0.0,0,11,3,1,8,0,3,1,0,CLEARING_PATH
4830,26.898,-0.008,6.102,11.989,51.34,0.0,0,11,3,0,8,0,3,2,0,CLEARING_PATH
4840,26.877,-0.002,6.123,11.913,51.34,0.0,0,11,3,0,8,0,3,2,0,CLEARING_PATH
4850,26.898,0.002,6.102,11.838,51.34,0.0,0,11,3,0,8,0,3,2,0,CLEARING_PATH
4860,26.644,-0.032,6.356,11.752,51.34,0.0,0,11,3,0,8,0,3,2,0,CLEARING_PATH
4870,26.194,-0.044,6.806,11.683,51.34,0.0,0,11,3,0,8,0,3,2,0,CLEARING_PATH
4880,25.744,-0.045,7.256,11.617,51.34,0.0,0,11,3,0,8,0,3,2,0,CLEARING_PATH
4890,25.294,-0.045,7.706,11.568,51.34,0.0,0,11,3,0,8,0,3,2,0,CLEARING_PATH
4900,24.844,-0.045,8.156,11.524,51.34,0.0,0,11,3,0,8,0,3,2,0,CLEARING_PATH
4910,24.421,-0.042,8.579,11.468,51.34,0.0,0,11,2,0,8,0,2,1,0,CLEARING_PATH
4920,24.026,-0.041,8.974,11.418,51.34,0.0,0,11,2,0,8,0,2,1,0,CLEARING_PATH
4930,23.576,-0.045,9.424,11.377,51.34,0.0,0,11,2,0,8,0,2,1,0,CLEARING_PATH
4940,23.126,-0.045,9.874,11.349,52.347,0.0,0,11,2,0,8,0,2,1,0,CLEARING_PATH
4950,22.676,-0.045,10.324,11.333,52.347,0.0,0,11,2,0,8,0,2,1,0,CLEARING_PATH
4960,22.226,-0.045,10.774,11.316,52.347,0.0,0,11,2,0,8,0,2,1,0,CLEARING_PATH
4970,21.776,-0.045,11.224,11.284,52.347,0.0,0,11,2,0,8,0,2,1,0,CLEARING_PATH
4980,21.342,-0.043,11.658,11.25,53.354,0.0,0,11,1,0,8,0,1,0,0,CLEARING_PATH
4990,20.967,-0.037,12.033,11.23,53.354,0.0,0,11,1,0,8,0,1,0,0,CLEARING_PATH
5000,20.652,-0.031,12.348,11.195,53.354,0.0,0,11,1,0,8,0,1,0,0,CLEARING_PATH
5010,20.397,-0.025,12.603,11.156,53.354,0.0,0,11,1,0,8,0,1,0,0,CLEARING_PATH
5020,20.202,-0.019,12.798,11.121,53.354,0.0,0,11,1,0,8,0,1,1,0,CLEARING_PATH
5030,20.067,-0.013,12.933,11.091,53.354,0.0,0,11,1,0,8,0,1,1,0,CLEARING_PATH
5040,19.992,-0.007,13.008,11.059,53.354,0.0,0,11,1,0,8,0,1,1,0,CLEARING_PATH
5050,19.976,-0.001,13.024,11.039,53.354,0.0,0,11,1,0,8,0,1,1,0,CLEARING_PATH
5060,19.999,0.002,13.001,11.031,53.354,0.0,0,11,1,0,8,0,1,1,0,CLEARING_PATH
5070,20.051,0.005,12.949,11.492,54.36,0.0,0,12,1,0,8,0,1,1,0,CLEARING_PATH
5080,20.134,0.008,12.866,11.491,54.36,0.0,0,12,1,0,8,0,1,1,0,CLEARING_PATH
5090,20.246,0.011,12.754,11.488,54.36,0.0,0,12,1,0,8,0,1,1,0,CLEARING_PATH
5100,20.389,0.014,12.611,11.493,54.36,0.0,0,12,1,0,8,0,1,1,0,CLEARING_PATH
5110,20.561,0.017,12.439,11.502,54.36,0.0,0,12,1,0,8,0,1,1,0,CLEARING_PATH
5120,20.764,0.02,12.236,11.514,55.367,0.0,0,12,1,0,8,0,1,1,0,CLEARING_PATH
5130,20.996,0.023,12.004,11.527,55.367,0.0,0,12,1,0,8,0,1,1,0,CLEARING_PATH
5140,21.259,0.026,11.741,11.541,55.367,0.0,0,12,1,0,8,0,1,1,0,CLEARING_PATH
5150,20.955,-0.033,12.045,11.56,55.367,0.0,0,12,1,0,8,0,1,1,0,CLEARING_PATH
5160,20.505,-0.044,12.495,11.583,55.367,0.0,0,12,1,0,8,0,1,1,0,CLEARING_PATH
5170,20.055,-0.045,12.945,11.606,55.367,0.0,0,12,1,0,8,0,1,1,0,CLEARING_PATH
5180,19.605,-0.045,13.395,11.629,55.367,0.0,0,12,1,0,8,0,1,1,0,CLEARING_PATH
5190,19.155,-0.045,13.845,11.654,55.367,0.0,0,12,1,0,8,0,1,1,0,CLEARING_PATH
5200,18.705,-0.045,14.295,11.679,55.367,0.0,0,12,1,0,8,0,1,1,0,CLEARING_PATH
5210,18.255,-0.045,14.745,11.706,55.367,0.0,0,12,0,0,8,0,0,0,0,CRUISING
5220,17.838,-0.041,15.162,11.734,55.367,0.0,0,12,0,0,8,0,0,0,0,CRUISING
5230,17.481,-0.035,15.519,11.764,55.367,0.004,1,12,0,0,8,0,0,0,0,CRUISING
5240,17.184,-0.029,15.816,11.794,55.367,0.012,1,12,0,0,8,0,0,0,0,CRUISING
5250,16.947,-0.023,16.053,11.823,55.367,0.021,1,12,0,0,8,0,0,0,0,CRUISING
5260,16.77,-0.017,16.23,11.853,55.367,0.029,1,12,0,0,8,0,0,0,0,CRUISING
5270,16.653,-0.011,16.347,11.883,55.367,0.037,1,12,0,0,8,0,0,0,0,CRUISING
5280,16.596,-0.005,16.404,11.913,55.367,0.046,1,12,0,0,8,0,0,0,0,CRUISING
5290,16.595,-0.0,16.405,11.94,56.374,0.054,1,12,0,0,8,0,0,0,0,CRUISING
5300,16.626,0.003,16.374,11.966,56.374,0.062,1,12,0,0,8,0,0,0,0,CRUISING
5310,16.688,0.006,16.312,11.995,56.374,0.071,1,12,0,0,8,0,0,0,0,CRUISING
5320,16.779,0.009,16.221,12.025,56.374,0.079,1,12,0,0,8,0,0,0,0,CRUISING
5330,16.901,0.012,16.099,12.055,56.374,0.088,1,12,0,0,8,0,0,0,0,CRUISING
5340,17.052,0.015,15.948,12.083,56.374,0.096,1,12,0,0,8,0,0,0,0,CRUISING
5350,17.234,0.018,15.766,12.092,56.374,0.104,1,12,0,0,8,0,0,0,0,CRUISING
5360,17.445,0.021,15.555,12.109,56.374,0.113,1,12,0,0,8,0,0,0,0,CRUISING
5370,17.687,0.024,15.313,12.136,56.374,0.121,1,12,0,0,8,0,0,0,0,CRUISING
5380,17.958,0.027,15.042,12.165,56.374,0.129,1,12,0,0,8,0,0,0,0,CRUISING
5390,18.26,0.03,14.74,12.196,56.374,0.137,1,12,0,0,8,0,0,0,0,CRUISING
5400,18.588,0.033,14.412,12.223,56.374,0.146,1,12,0,0,8,0,0,0,0,CRUISING
5410,18.919,0.033,14.081,12.233,56.374,0.154,1,12,0,0,8,0,0,0,0,CRUISING
5420,19.245,0.033,13.755,12.236,56.374,0.163,1,12,0,0,8,0,0,0,0,CRUISING
5430,19.573,0.033,13.427,12.231,56.374,0.171,2,12,0,0,8,0,0,0,0,CRUISING
5440,19.901,0.033,13.099,12.221,56.374,0.179,2,12,0,0,8,0,0,0,0,CRUISING
5450,20.227,0.033,12.773,12.204,56.374,0.188,3,12,0,0,8,0,0,0,0,CRUISING
5460,20.548,0.032,12.452,12.181,56.374,0.196,3,12,0,0,8,0,0,0,0,CRUISING
5470,20.866,0.032,12.134,12.154,56.374,0.204,3,12,0,0,8,0,0,0,0,CRUISING
5480,21.181,0.031,11.819,12.119,56.374,0.212,3,12,0,0,8,0,0,0,0,CRUISING
5490,21.492,0.031,11.508,12.089,56.374,0.221,3,12,0,0,8,0,0,0,0,CRUISING
5500,21.796,0.03,11.204,12.056,57.38,0.229,4,12,0,0,8,0,0,0,0,CRUISING
5510,22.096,0.03,10.904,12.026,57.38,0.238,4,12,0,0,8,0,0,0,0,CRUISING
5520,22.393,0.03,10.607,12.002,57.38,0.246,4,12,0,0,8,0,0,0,0,CRUISING
5530,22.685,0.029,10.315,11.985,57.38,0.254,4,12,0,0,8,0,0,0,0,CRUISING
5540,22.971,0.029,10.029,11.98,58.387,0.263,4,12,0,0,8,0,0,0,0,CRUISING
5550,23.255,0.028,9.745,11.982,58.387,0.271,4,12,0,0,8,0,0,0,0,CRUISING
5560,23.533,0.028,9.467,11.99,58.387,0.279,4,12,0,0,8,0,0,0,0,CRUISING
5570,23.805,0.027,9.195,12.002,59.394,0.288,4,12,0,0,8,0,0,0,0,CRUISING
5580,24.073,0.027,8.927,12.018,59.394,0.296,4,12,0,0,8,0,0,0,0,CRUISING
5590,24.337,0.026,8.663,12.039,59.394,0.304,4,12,0,0,8,0,0,0,0,CRUISING
5600,24.596,0.026,8.404,12.063,59.394,0.312,4,12,0,0,8,0,0,0,0,CRUISING
5610,24.849,0.025,8.151,12.092,59.394,0.321,4,12,0,0,8,0,0,0,0,CRUISING
5620,25.096,0.025,7.904,12.124,59.394,0.329,4,12,0,0,8,0,0,0,0,CRUISING
5630,25.337,0.024,7.663,12.16,59.394,0.337,4,12,0,0,8,0,0,0,0,CRUISING
5640,25.572,0.023,7.428,12.198,59.394,0.346,4,12,0,0,8,0,0,0,0,CRUISING
5650,25.802,0.023,7.198,12.24,59.394,0.354,4,12,0,0,8,0,0,0,0,CRUISING
5660,26.026,0.022,6.974,12.286,59.394,0.362,4,12,0,0,8,0,0,0,0,CRUISING
5670,26.247,0.022,6.753,12.333,59.394,0.371,4,12,0,0,8,0,0,0,0,CRUISING
5680,26.465,0.022,6.535,12.383,59.394,0.379,4,12,0,0,8,0,0,0,0,CRUISING
5690,26.678,0.021,6.322,12.435,60.4,0.388,4,12,0,0,8,0,0,0,0,CRUISING
5700,26.882,0.02,6.118,12.489,60.4,0.396,4,12,0,0,8,0,0,0,0,CRUISING
5710,27.081,0.02,5.919,12.542,60.4,0.404,4,12,0,0,8,0,0,0,0,CRUISING
5720,27.276,0.019,5.724,12.589,60.4,0.413,4,12,0,0,8,0,0,0,0,CRUISING
5730,27.465,0.019,5.535,12.63,60.4,0.421,4,12,0,0,8,0,0,0,0,CRUISING
5740,27.648,0.018,5.352,12.667,60.4,0.429,4,12,0,0,8,0,0,0,0,CRUISING
5750,27.826,0.018,5.174,12.7,60.4,0.438,4,12,0,0,8,0,0,0,0,CRUISING
5760,27.998,0.017,5.002,12.73,60.4,0.446,4,12,0,0,8,0,0,0,0,CRUISING
5770,28.163,0.016,4.837,12.757,60.4,0.454,4,12,0,0,8,0,0,0,0,CRUISING
5780,28.323,0.016,4.677,12.782,60.4,0.462,4,12,0,0,8,0,0,0,0,CRUISING
5790,28.475,0.015,4.525,12.802,60.4,0.471,4,12,0,0,8,0,0,0,0,CRUISING
5800,28.625,0.015,4.375,12.818,60.4,0.479,4,12,0,0,8,0,0,0,0,CRUISING
5810,28.769,0.014,4.231,12.832,60.4,0.487,4,12,0,0,8,0,0,0,0,CRUISING
5820,28.908,0.014,4.092,12.842,60.4,0.496,4,12,0,0,8,0,0,0,0,CRUISING
5830,29.041,0.013,3.959,12.85,60.4,0.504,4,12,0,0,8,0,0,0,0,CRUISING
5840,29.169,0.013,3.831,12.854,60.4,0.513,4,12,0,0,8,0,0,0,0,CRUISING
5850,29.294,0.012,3.706,12.854,60.4,0.521,4,12,0,0,8,0,0,0,0,CRUISING
5860,29.412,0.012,3.588,12.852,60.4,0.529,4,12,0,0,8,0,0,0,0,CRUISING
5870,29.524,0.011,3.476,12.846,60.4,0.537,4,12,0,0,8,0,0,0,0,CRUISING
5880,29.629,0.01,3.371,12.837,60.4,0.546,4,12,0,0,8,0,0,0,0,CRUISING
5890,29.727,0.01,3.273,12.827,60.4,0.554,4,12,0,0,8,0,0,0,0,CRUISING
5900,29.818,0.009,3.182,12.817,60.4,0.562,4,12,0,0,8,0,0,0,0,CRUISING
5910,29.905,0.009,3.095,12.804,60.4,0.571,4,12,0,0,8,0,0,0,0,CRUISING
5920,29.984,0.008,3.016,12.79,60.4,0.579,4,12,0,0,8,0,0,0,0,CRUISING
5930,30.056,0.007,2.944,12.776,60.4,0.588,4,12,0,0,8,0,0,0,0,CRUISING
5940,30.12,0.006,2.88,12.764,60.4,0.596,4,12,0,0,8,0,0,0,0,CRUISING
5950,30.177,0.006,2.823,12.751,60.4,0.604,4,12,0,0,8,0,0,0,0,CRUISING
5960,30.223,0.004,2.777,12.249,61.407,0.565,4,13,0,0,8,0,0,0,0,CRUISING
5970,30.254,0.003,2.746,12.226,61.407,0.573,4,13,0,0,8,0,0,0,0,CRUISING
5980,30.274,0.002,2.726,12.205,62.414,0.581,4,13,0,0,8,0,0,0,0,CRUISING
5990,30.273,-0.0,2.727,12.191,62.414,0.588,4,13,0,0,8,0,0,0,0,CRUISING
6000,30.249,-0.002,2.751,12.181,62.414,0.596,4,13,0,0,8,0,0,0,0,CRUISING
6010,30.216,-0.003,2.784,12.172,62.414,0.604,4,13,0,0,8,0,0,0,0,CRUISING
6020,30.161,-0.006,2.839,12.163,62.414,0.612,4,13,0,0,8,0,0,0,0,CRUISING
6030,30.084,-0.008,2.916,12.155,62.414,0.619,4,13,0,0,8,0,0,0,0,CRUISING
6040,29.99,-0.009,3.01,12.149,62.414,0.627,4,13,0,0,8,0,0,0,0,CRUISING
6050,29.888,-0.01,3.112,12.144,62.414,0.635,4,13,0,0,8,0,0,0,0,CRUISING
6060,29.775,-0.012,3.225,12.141,62.414,0.642,4,13,0,0,8,0,0,0,0,CRUISING
6070,29.644,-0.013,3.356,12.14,62.414,0.65,4,13,0,0,8,0,0,0,0,CRUISING
6080,29.496,-0.015,3.504,12.142,62.414,0.658,4,13,0,0,8,0,0,0,0,CRUISING
6090,29.325,-0.017,3.675,12.137,62.414,0.665,4,13,0,0,8,0,0,0,0,CRUISING
6100,29.135,-0.019,3.865,12.132,62.414,0.673,4,13,0,0,8,0,0,0,7,INTERSECTION_CONTROL
6110,28.94,-0.02,4.06,12.127,63.42,0.681,5,13,0,0,8,0,0,0,17,INTERSECTION_CONTROL
6120,28.738,-0.02,4.262,12.126,64.427,0.688,4,13,0,0,8,0,0,0,27,INTERSECTION_CONTROL
6130,28.511,-0.023,4.489,12.13,64.427,0.696,4,13,0,0,8,0,0,0,37,INTERSECTION_CONTROL
6140,28.264,-0.025,4.736,12.128,66.441,0.704,4,13,0,0,8,0,0,0,47,INTERSECTION_CONTROL
6150,27.988,-0.028,5.012,12.126,66.441,0.712,4,13,1,0,8,1,0,0,57,INTERSECTION_CONTROL
6160,27.701,-0.029,5.299,12.13,66.441,0.0,3,13,1,0,8,1,0,0,67,INTERSECTION_CONTROL
6170,27.395,-0.031,5.605,12.129,67.447,0.0,3,13,3,0,8,2,1,0,77,INTERSECTION_CONTROL
6180,27.061,-0.034,5.939,12.137,67.447,0.0,3,13,3,0,8,2,1,0,87,INTERSECTION_CONTROL
6190,26.708,-0.035,6.292,12.136,67.447,0.0,3,13,3,0,8,2,1,0,97,INTERSECTION_CONTROL
6200,26.349,-0.036,6.651,12.131,67.447,0.0,3,13,3,0,8,2,1,0,107,INTERSECTION_CONTROL
6210,26.002,-0.035,6.998,12.116,67.447,0.0,3,13,3,0,8,2,1,0,117,INTERSECTION_CONTROL
6220,25.636,-0.037,7.364,12.114,67.447,0.0,2,13,3,0,8,2,1,0,127,INTERSECTION_CONTROL
6230,25.245,-0.039,7.755,12.11,67.447,0.0,2,13,3,0,8,2,1,0,137,INTERSECTION_CONTROL
6240,24.833,-0.041,8.167,12.095,67.447,0.0,2,13,3,0,8,2,1,0,147,INTERSECTION_CONTROL
6250,24.406,-0.043,8.594,12.069,67.447,0.0,2,13,3,0,8,2,1,0,157,INTERSECTION_CONTROL
6260,24.008,-0.04,8.992,12.05,67.447,0.0,2,13,3,0,8,2,1,0,167,INTERSECTION_CONTROL
6270,23.608,-0.04,9.392,12.028,67.447,0.0,2,13,3,0,8,2,1,0,177,INTERSECTION_CONTROL
6280,23.184,-0.043,9.816,12.047,67.447,0.0,2,13,3,0,8,2,1,0,187,INTERSECTION_CONTROL
6290,22.759,-0.042,10.241,12.913,66.441,0.0,2,12,2,0,8,1,1,0,197,INTERSECTION_CONTROL
6300,22.33,-0.043,10.67,12.889,66.441,0.0,2,12,2,0,8,1,1,0,207,INTERSECTION_CONTROL
6310,21.951,-0.038,11.049,12.869,66.441,0.0,2,12,2,0,8,1,1,0,217,INTERSECTION_CONTROL
6320,21.572,-0.038,11.428,12.853,66.441,0.0,2,12,2,0,8,1,1,0,227,INTERSECTION_CONTROL
6330,21.196,-0.037,11.804,12.837,66.441,0.0,2,12,2,0,8,1,1,0,237,INTERSECTION_CONTROL
6340,20.817,-0.038,12.183,12.821,66.441,0.0,2,12,2,0,8,1,1,0,247,INTERSECTION_CONTROL
6350,20.449,-0.037,12.551,12.805,67.447,0.0,2,12,2,0,8,1,1,0,257,INTERSECTION_CONTROL
6360,20.064,-0.038,12.936,12.791,67.447,0.0,2,12,2,0,8,1,1,0,267,INTERSECTION_CONTROL
6370,19.677,-0.039,13.323,12.782,67.447,0.0,2,12,2,0,8,1,1,0,277,INTERSECTION_CONTROL
6380,19.292,-0.039,13.708,12.772,67.447,0.0,2,12,2,0,8,1,1,0,287,INTERSECTION_CONTROL
6390,18.911,-0.038,14.089,12.757,67.447,0.0,2,12,2,0,8,1,1,0,297,INTERSECTION_CONTROL
6400,18.545,-0.036,14.455,12.741,67.447,0.0,2,12,2,0,8,1,1,0,307,INTERSECTION_CONTROL
6410,18.232,-0.031,14.768,12.724,67.447,0.0,2,12,2,0,8,1,1,0,317,INTERSECTION_CONTROL
6420,17.938,-0.029,15.062,12.711,67.447,0.0,2,12,2,0,8,1,1,0,327,INTERSECTION_CONTROL
6430,17.662,-0.028,15.338,12.7,67.447,0.0,2,12,2,0,8,1,1,0,337,INTERSECTION_CONTROL
6440,17.393,-0.027,15.607,12.687,67.447,0.0,2,12,2,0,8,1,1,0,347,INTERSECTION_CONTROL
6450,17.135,-0.026,15.865,12.143,68.454,0.0,2,13,2,0,8,1,1,0,357,INTERSECTION_CONTROL
6460,16.83,-0.033,16.17,12.134,67.447,0.0,2,13,1,0,9,0,1,0,367,INTERSECTION_CONTROL
6470,16.468,-0.036,16.532,12.131,67.447,0.0,2,13,1,0,9,0,1,0,377,INTERSECTION_CONTROL
6480,16.121,-0.035,16.879,12.133,67.447,0.0,2,13,1,0,9,0,1,0,387,INTERSECTION_CONTROL
6490,15.791,-0.033,17.209,12.133,67.447,0.0,2,13,1,0,9,0,1,1,397,INTERSECTION_CONTROL
6500,15.468,-0.032,17.532,12.134,67.447,0.0,2,13,1,0,9,0,1,1,407,INTERSECTION_CONTROL
6510,15.107,-0.036,17.893,12.139,67.447,0.0,2,13,1,0,9,0,1,1,417,INTERSECTION_CONTROL
6520,14.747,-0.036,18.253,12.145,67.447,0.0,2,13,1,0,9,0,1,1,427,INTERSECTION_CONTROL
6530,14.387,-0.036,18.613,12.155,67.447,0.0,2,13,1,0,9,0,1,1,437,INTERSECTION_CONTROL
6540,14.025,-0.036,18.975,12.16,67.447,0.0,2,13,1,0,9,0,1,1,447,INTERSECTION_CONTROL
6550,13.673,-0.035,19.327,12.165,67.447,0.0,2,13,1,0,9,0,1,1,457,INTERSECTION_CONTROL
6560,13.34,-0.033,19.66,12.172,67.447,0.0,2,13,1,0,9,0,1,1,467,INTERSECTION_CONTROL
6570,13.01,-0.033,19.99,12.181,67.447,0.0,2,13,1,0,9,0,1,1,477,INTERSECTION_CONTROL
6580,12.697,-0.032,20.303,12.192,67.447,0.0,2,13,1,0,9,0,1,1,487,INTERSECTION_CONTROL
6590,12.386,-0.031,20.614,12.202,67.447,0.0,2,13,1,0,9,0,1,1,497,INTERSECTION_CONTROL
6600,12.088,-0.03,20.912,12.212,67.447,0.0,2,13,1,0,9,0,1,1,507,INTERSECTION_CONTROL
6610,11.795,-0.029,21.205,11.37,68.454,0.0,2,14,1,0,9,0,1,1,517,INTERSECTION_CONTROL
6620,11.496,-0.03,21.504,11.381,68.454,0.0,2,14,1,0,9,0,1,1,527,INTERSECTION_CONTROL
6630,11.195,-0.03,21.805,11.395,68.454,0.0,2,14,1,0,9,0,1,1,537,INTERSECTION_CONTROL
6640,10.791,-0.042,22.209,11.41,68.454,0.0,2,14,1,0,9,0,1,1,547,INTERSECTION_CONTROL
6650,10.341,-0.045,22.659,11.426,68.454,0.0,2,14,1,0,9,0,1,1,557,INTERSECTION_CONTROL
6660,9.952,-0.035,23.048,11.445,69.461,0.0,2,14,1,0,9,0,1,1,567,INTERSECTION_CONTROL
6670,9.706,-0.026,23.294,11.466,69.461,0.0,2,14,1,0,9,0,1,1,577,INTERSECTION_CONTROL
6680,9.471,-0.024,23.529,11.488,69.461,0.0,2,14,1,0,9,0,1,1,587,INTERSECTION_CONTROL
6690,9.24,-0.023,23.76,11.511,69.461,0.0,2,14,1,0,9,0,1,1,597,INTERSECTION_CONTROL
6700,9.011,-0.023,23.989,11.537,69.461,0.0,2,14,1,0,9,0,1,1,607,INTERSECTION_CONTROL
6710,8.824,-0.019,24.176,11.563,69.461,0.0,2,14,1,0,9,0,1,1,617,INTERSECTION_CONTROL
6720,8.658,-0.017,24.342,11.59,69.461,0.0,2,14,1,0,9,0,1,1,627,INTERSECTION_CONTROL
6730,8.503,-0.016,24.497,11.62,69.461,0.0,2,14,1,0,9,0,1,1,637,INTERSECTION_CONTROL
6740,8.344,-0.016,24.656,11.65,69.461,0.0,2,14,0,0,9,0,0,0,647,INTERSECTION_CONTROL
6750,8.196,-0.015,24.804,11.684,69.461,0.0,2,14,0,0,9,0,0,0,657,INTERSECTION_CONTROL
6760,8.042,-0.015,24.958,0.0,92.678,0.0,0,0,1,0,9,1,0,0,657,CLEARING_PATH
6770,7.882,-0.016,25.118,0.0,92.678,0.0,0,0,1,0,9,1,0,0,657,CLEARING_PATH
6780,7.721,-0.016,25.279,0.0,92.678,0.0,0,0,1,0,9,1,0,0,657,CLEARING_PATH
6790,7.572,-0.015,25.428,0.0,92.678,0.0,0,0,1,0,9,1,0,0,657,CLEARING_PATH
6800,7.424,-0.015,25.576,0.0,92.678,0.0,0,0,1,0,9,1,0,0,657,CLEARING_PATH
6810,7.212,-0.017,25.788,0.0,92.678,0.0,0,0,1,0,9,1,0,0,657,CLEARING_PATH
6820,7.104,-0.012,25.896,0.0,92.678,0.0,0,0,1,0,9,1,0,0,657,CLEARING_PATH
6830,6.966,-0.014,26.034,0.0,92.678,0.0,0,0,1,0,9,1,0,0,657,CLEARING_PATH
6840,6.701,-0.031,26.299,0.0,92.678,0.0,0,0,1,0,9,1,0,0,657,CLEARING_PATH
6850,6.258,-0.043,26.742,0.0,92.678,0.0,0,0,1,0,9,1,0,0,657,CLEARING_PATH
6860,6.194,-0.008,26.806,0.0,92.678,0.0,0,0,1,0,9,0,1,1,657,CLEARING_PATH
6870,6.177,-0.002,26.823,0.0,92.678,0.0,0,0,1,0,9,0,1,1,657,CLEARING_PATH
6880,6.159,-0.002,26.841,0.0,92.678,0.0,0,0,1,0,9,0,1,1,657,CLEARING_PATH
6890,6.136,-0.002,26.864,0.0,92.678,0.0,0,0,1,0,9,0,1,1,657,CLEARING_PATH
6900,6.101,-0.004,26.899,0.0,46.339,0.0,0,0,0,0,9,0,0,0,657,CRUISING
6910,6.086,-0.001,26.914,0.0,46.339,0.0,0,0,0,0,9,0,0,0,657,CRUISING
6920,6.11,0.002,26.89,0.0,46.339,0.0,0,0,0,0,9,0,0,0,657,CRUISING
6930,6.164,0.006,26.836,0.0,46.339,0.0,0,0,0,0,9,0,0,0,657,CRUISING
6940,6.248,0.009,26.752,0.0,46.339,0.0,0,0,0,0,9,0,0,0,657,CRUISING
6950,6.362,0.012,26.638,0.0,46.339,0.0,0,0,0,0,9,0,0,0,657,CRUISING
6960,6.506,0.015,26.494,0.0,46.339,0.0,0,0,0,0,9,0,0,0,657,CRUISING
6970,6.68,0.018,26.32,0.0,46.339,0.0,0,0,0,0,9,0,0,0,657,CRUISING
6980,6.883,0.021,26.117,0.0,46.339,0.0,0,0,0,0,9,0,0,0,657,CRUISING
6990,7.117,0.024,25.883,0.0,46.339,0.0,0,0,0,0,9,0,0,0,657,CRUISING
7000,7.381,0.027,25.619,0.0,46.339,0.0,0,0,0,0,9,0,0,0,657,CRUISING
7010,7.675,0.03,25.325,0.0,46.339,0.0,0,0,0,0,9,0,0,0,657,CRUISING
7020,7.999,0.033,25.001,0.0,46.339,0.0,0,0,0,0,9,0,0,0,657,CRUISING
7030,8.353,0.036,24.647,0.0,46.339,0.0,0,0,0,0,9,0,0,0,657,CRUISING
7040,8.737,0.039,24.263,0.0,46.339,0.0,0,0,0,0,9,0,0,0,657,CRUISING
7050,9.141,0.04,23.859,0.0,46.339,0.0,0,0,0,0,9,0,0,0,657,CRUISING
7060,9.538,0.039,23.462,13.878,64.312,4.258,11,6,3,0,9,0,3,1,657,CLEARING_PATH
7070,9.914,0.038,23.086,13.822,64.312,4.275,11,6,2,0,9,0,2,1,657,CLEARING_PATH
7080,10.0,0.007,23.0,13.762,64.312,4.292,11,6,2,0,9,0,2,1,657,CLEARING_PATH
7090,10.0,0.001,23.0,13.583,64.312,4.308,11,6,2,0,9,0,2,1,657,CLEARING_PATH
7100,10.0,0.0,23.0,13.361,64.312,4.325,11,6,2,0,9,0,2,1,657,CLEARING_PATH
7110,10.0,0.0,23.0,13.149,64.312,4.342,11,6,2,0,9,0,2,1,657,CLEARING_PATH
7120,10.0,0.0,23.0,12.948,64.312,4.358,11,6,2,0,9,0,2,1,657,CLEARING_PATH
7130,10.0,0.0,23.0,12.755,64.312,4.375,11,6,2,0,9,0,2,1,657,CLEARING_PATH
7140,10.0,0.0,23.0,12.571,64.312,4.392,11,6,2,0,9,0,2,1,657,CLEARING_PATH
7150,10.0,0.0,23.0,12.396,64.312,4.408,11,6,2,0,9,0,2,1,657,CLEARING_PATH
7160,10.0,0.0,23.0,12.229,64.312,4.425,11,6,2,0,9,0,2,1,657,CLEARING_PATH
7170,10.0,0.0,23.0,12.073,64.312,4.442,11,6,2,0,9,0,2,1,657,CLEARING_PATH
7180,10.0,0.0,23.0,11.928,64.312,4.458,11,6,2,0,9,0,2,1,657,CLEARING_PATH
7190,10.0,0.0,23.0,11.791,64.312,4.475,11,6,2,0,9,0,2,1,657,CLEARING_PATH
7200,10.0,0.0,23.0,11.663,66.529,4.492,11,6,2,0,9,0,2,1,657,CLEARING_PATH
7210,10.0,0.0,23.0,11.542,66.529,4.508,11,6,2,0,9,0,2,1,657,CLEARING_PATH
7220,10.002,0.0,22.998,11.434,66.529,4.525,11,6,1,0,9,0,1,0,657,CLEARING_PATH
7230,10.027,0.003,22.973,11.336,66.529,4.542,11,6,1,0,9,0,1,0,657,CLEARING_PATH
7240,10.083,0.006,22.917,11.249,66.529,4.558,11,6,1,0,9,0,1,0,657,CLEARING_PATH
7250,10.168,0.009,22.832,11.18,66.529,4.575,11,6,1,0,9,0,1,0,657,CLEARING_PATH
7260,10.284,0.012,22.716,11.117,66.529,4.592,11,6,1,0,9,0,1,0,657,CLEARING_PATH
7270,10.429,0.015,22.571,11.059,66.529,4.608,11,6,1,0,9,0,1,0,657,CLEARING_PATH
7280,10.605,0.018,22.395,11.01,66.529,4.625,11,6,1,0,9,0,1,0,657,CLEARING_PATH
7290,10.81,0.021,22.19,10.969,66.529,4.642,11,6,1,0,9,0,1,0,657,CLEARING_PATH
7300,11.046,0.024,21.954,10.939,68.747,4.658,11,6,1,0,9,0,1,0,657,CLEARING_PATH
7310,11.311,0.027,21.689,10.91,68.747,4.675,11,6,1,0,9,0,1,0,657,CLEARING_PATH
7320,11.607,0.03,21.393,10.887,68.747,4.692,11,6,1,0,9,0,1,0,657,CLEARING_PATH
7330,11.932,0.033,21.068,10.872,68.747,4.708,11,6,1,0,9,0,1,0,657,CLEARING_PATH
7340,12.288,0.036,20.712,10.863,68.747,4.725,11,6,1,0,9,0,1,0,657,CLEARING_PATH
7350,12.667,0.038,20.333,10.863,68.747,4.742,11,6,1,0,9,0,1,0,657,CLEARING_PATH
7360,13.042,0.037,19.958,10.87,68.747,4.758,11,6,1,0,9,0,1,0,657,CLEARING_PATH
7370,13.411,0.037,19.589,10.886,68.747,4.775,11,6,1,0,9,0,1,0,657,CLEARING_PATH
7380,13.78,0.037,19.22,10.909,68.747,4.792,11,6,1,0,9,0,1,0,657,CLEARING_PATH
7390,14.144,0.036,18.856,10.941,68.747,4.808,11,6,1,0,9,0,1,0,657,CLEARING_PATH
7400,14.509,0.037,18.491,10.98,68.747,4.825,11,6,1,0,9,0,1,0,657,CLEARING_PATH
7410,14.874,0.037,18.126,11.024,68.747,4.842,11,6,1,0,9,0,1,0,657,CLEARING_PATH
7420,15.236,0.036,17.764,11.066,68.747,4.858,11,6,1,0,9,0,1,0,657,CLEARING_PATH
7430,15.603,0.037,17.397,11.107,68.747,4.875,11,6,1,0,9,0,1,0,657,CLEARING_PATH
7440,15.968,0.036,17.032,11.147,68.747,4.892,11,6,1,0,9,0,1,0,657,CLEARING_PATH
7450,16.324,0.036,16.676,11.186,68.747,4.908,11,6,1,0,9,0,1,0,657,CLEARING_PATH
7460,16.678,0.035,16.322,11.223,70.964,4.925,11,6,1,0,9,0,1,0,657,CLEARING_PATH
7470,17.029,0.035,15.971,11.258,75.4,4.942,11,6,1,0,9,0,1,0,657,CLEARING_PATH
7480,17.378,0.035,15.622,11.292,75.4,4.962,12,6,1,0,9,0,1,0,657,CLEARING_PATH
7490,17.725,0.035,15.275,11.326,75.4,4.995,12,6,1,0,10,0,1,0,657,CLEARING_PATH
7500,18.072,0.035,14.928,11.359,75.4,5.028,12,6,1,0,10,0,1,0,657,CLEARING_PATH
7510,18.416,0.034,14.584,11.394,77.617,5.062,12,6,1,0,10,0,1,0,657,CLEARING_PATH
7520,18.76,0.034,14.24,11.423,77.617,5.095,12,6,1,0,10,0,1,0,657,CLEARING_PATH
7530,19.099,0.034,13.901,11.451,77.617,5.128,12,6,1,0,10,0,1,0,657,CLEARING_PATH
7540,19.437,0.034,13.563,11.476,77.617,5.162,12,6,1,0,10,0,1,0,657,CLEARING_PATH
7550,19.767,0.033,13.233,11.497,77.617,5.195,12,6,1,0,10,0,1,0,657,CLEARING_PATH
7560,20.094,0.033,12.906,11.513,79.835,5.228,12,6,1,0,10,0,1,0,657,CLEARING_PATH
7570,20.415,0.032,12.585,11.527,79.835,5.262,13,6,1,0,10,0,1,0,657,CLEARING_PATH
7580,20.724,0.031,12.276,11.541,79.835,5.295,13,6,1,0,10,0,1,0,657,CLEARING_PATH
7590,21.028,0.03,11.972,11.553,79.835,5.328,13,6,0,0,10,0,0,0,657,CRUISING
7600,21.33,0.03,11.67,11.564,79.835,5.362,13,6,0,0,10,0,0,0,657,CRUISING
7610,21.631,0.03,11.369,11.573,79.835,5.395,13,6,0,0,10,0,0,0,657,CRUISING
7620,21.933,0.03,11.067,11.58,79.835,5.428,13,6,0,0,10,0,0,0,657,CRUISING
7630,22.233,0.03,10.767,11.589,79.835,5.462,13,6,0,0,10,0,0,0,657,CRUISING
7640,22.53,0.03,10.47,11.595,82.053,5.495,13,6,0,0,10,0,0,0,657,CRUISING
7650,22.827,0.03,10.173,11.6,82.053,5.528,13,6,0,0,10,0,0,0,657,CRUISING
7660,23.119,0.029,9.881,11.603,82.053,5.562,13,6,0,0,10,0,0,0,657,CRUISING
7670,23.407,0.029,9.593,11.606,82.053,5.595,14,6,0,0,10,0,0,0,657,CRUISING
7680,23.691,0.028,9.309,11.609,82.053,5.628,14,6,0,0,10,0,0,0,657,CRUISING
7690,23.972,0.028,9.028,11.612,82.053,5.662,14,6,0,0,10,0,0,0,657,CRUISING
7700,24.25,0.028,8.75,11.615,82.053,5.695,14,6,0,0,10,0,0,0,657,CRUISING
7710,24.527,0.028,8.473,11.618,82.053,5.728,14,6,0,0,10,0,0,0,657,CRUISING
7720,24.802,0.028,8.198,11.621,82.053,5.762,14,6,0,0,10,0,0,0,657,CRUISING
7730,25.076,0.027,7.924,11.624,82.053,5.795,14,6,0,0,10,0,0,0,657,CRUISING
7740,25.347,0.027,7.653,11.626,82.053,5.828,14,6,0,0,10,0,0,0,657,CRUISING
7750,25.61,0.026,7.39,11.629,84.27,5.862,14,6,0,0,10,0,0,0,657,CRUISING
7760,25.862,0.025,7.138,11.632,84.27,5.895,14,6,0,0,10,0,0,0,657,CRUISING
7770,26.111,0.025,6.889,11.632,84.27,5.928,14,6,0,0,10,0,0,0,657,CRUISING
7780,26.354,0.024,6.646,11.629,84.27,5.962,14,6,0,0,10,0,0,0,657,CRUISING
7790,26.59,0.024,6.41,11.622,84.27,5.995,14,6,0,0,10,0,0,0,657,CRUISING
7800,26.822,0.023,6.178,11.612,84.27,6.028,14,6,0,0,10,0,0,0,657,CRUISING
7810,27.048,0.023,5.952,11.599,84.27,6.062,14,6,0,0,10,0,0,0,657,CRUISING
7820,27.272,0.022,5.728,11.582,84.27,6.095,14,6,0,0,10,0,0,0,657,CRUISING
7830,27.493,0.022,5.507,11.562,84.27,6.128,14,6,0,0,10,0,0,0,657,CRUISING
7840,27.707,0.021,5.293,11.539,84.27,6.162,14,6,0,0,10,0,0,0,657,CRUISING
7850,27.914,0.021,5.086,11.511,84.27,6.195,14,6,0,0,10,0,0,0,657,CRUISING
7860,28.111,0.02,4.889,11.476,84.27,6.228,14,6,0,0,10,0,0,0,657,CRUISING
7870,28.303,0.019,4.697,11.437,86.488,6.262,14,6,0,0,10,0,0,0,657,CRUISING
7880,28.492,0.019,4.508,11.393,86.488,6.295,14,6,0,0,10,0,0,0,657,CRUISING
7890,28.675,0.018,4.325,11.346,86.488,6.328,14,6,0,0,10,0,0,0,657,CRUISING
7900,28.851,0.018,4.149,11.294,86.488,6.362,14,6,0,0,10,0,0,0,657,CRUISING
7910,29.018,0.017,3.982,11.23,86.488,6.395,14,6,0,0,10,0,0,0,657,CRUISING
7920,29.179,0.016,3.821,11.159,86.488,6.428,14,6,0,0,10,0,0,0,657,CRUISING
7930,29.336,0.016,3.664,11.081,88.706,6.462,14,6,0,0,10,0,0,0,657,CRUISING
7940,29.489,0.015,3.511,11.0,88.706,6.495,14,6,0,0,10,0,0,0,657,CRUISING
7950,29.635,0.015,3.365,10.914,88.706,6.528,15,6,0,0,10,0,0,0,657,CRUISING
7960,29.775,0.014,3.225,10.824,88.706,6.562,15,6,0,0,10,0,0,0,657,CRUISING
7970,29.909,0.013,3.091,10.731,88.706,6.595,15,6,0,0,10,0,0,0,657,CRUISING
7980,30.037,0.013,2.963,10.635,88.706,6.628,15,6,0,0,10,0,0,0,657,CRUISING
7990,30.159,0.012,2.841,10.543,88.706,6.662,15,6,0,0,10,0,0,0,657,CRUISING
8000,30.28,0.012,2.72,10.452,88.706,6.695,15,6,0,0,10,0,0,0,657,CRUISING
8010,30.394,0.011,2.606,10.358,88.706,6.728,15,6,0,0,10,0,0,0,657,CRUISING
8020,30.503,0.011,2.497,10.263,90.923,6.762,16,6,0,0,10,0,0,0,657,CRUISING
8030,30.609,0.011,2.391,10.17,90.923,6.795,15,6,0,0,10,0,0,0,657,CRUISING
8040,30.713,0.01,2.287,10.075,90.923,6.828,16,6,0,0,10,0,0,0,657,CRUISING
8050,30.813,0.01,2.187,9.979,90.923,6.862,16,6,0,0,10,0,0,0,657,CRUISING
8060,30.91,0.01,2.09,9.883,90.923,6.895,16,6,0,0,10,0,0,0,657,CRUISING
8070,31.004,0.009,1.996,9.789,90.923,6.928,16,6,0,0,10,0,0,0,657,CRUISING
8080,31.092,0.009,1.908,9.696,90.923,6.962,16,6,0,0,10,0,0,0,657,CRUISING
8090,31.177,0.008,1.823,9.604,90.923,6.995,16,6,0,0,10,0,0,0,657,CRUISING
8100,31.259,0.008,1.741,9.518,90.923,7.028,16,6,0,0,10,0,0,0,657,CRUISING
8110,31.336,0.008,1.664,9.436,90.923,7.062,16,6,0,0,10,0,0,0,657,CRUISING
8120,31.41,0.007,1.59,9.359,90.923,7.095,16,6,0,0,10,0,0,0,657,CRUISING
8130,31.481,0.007,1.519,9.285,90.923,7.128,16,6,0,0,10,0,0,0,657,CRUISING
8140,31.549,0.007,1.451,9.205,90.923,7.162,16,6,0,0,10,0,0,0,657,CRUISING
8150,31.615,0.007,1.385,9.129,90.923,7.195,16,6,1,0,10,0,1,0,657,CLEARING_PATH
8160,31.678,0.006,1.322,9.056,90.923,7.228,16,6,1,0,10,0,1,0,657,CLEARING_PATH
8170,31.739,0.006,1.261,8.992,90.923,7.262,16,6,1,0,10,0,1,0,657,CLEARING_PATH
8180,31.799,0.006,1.201,8.926,90.923,7.295,16,6,1,0,10,0,1,0,657,CLEARING_PATH
8190,31.855,0.006,1.145,8.857,90.923,7.328,16,6,1,0,10,0,1,0,657,CLEARING_PATH
8200,31.909,0.005,1.091,8.796,90.923,7.362,16,6,1,0,10,0,1,0,657,CLEARING_PATH
8210,31.959,0.005,1.041,8.738,90.923,7.395,16,6,1,0,10,0,1,0,657,CLEARING_PATH
8220,32.004,0.004,0.996,8.686,90.923,7.428,16,6,1,0,10,0,1,0,657,CLEARING_PATH
8230,32.048,0.004,0.952,8.64,90.923,7.462,16,6,1,0,10,0,1,0,657,CLEARING_PATH
8240,32.09,0.004,0.91,8.599,93.141,7.495,16,6,1,0,10,0,1,0,657,CLEARING_PATH
8250,32.132,0.004,0.868,8.563,95.358,7.528,16,6,1,0,10,0,1,0,657,CLEARING_PATH
8260,32.173,0.004,0.827,8.529,95.358,7.562,16,6,1,0,10,0,1,0,657,CLEARING_PATH
8270,32.21,0.004,0.79,8.497,95.358,7.595,16,6,1,0,10,0,1,0,657,CLEARING_PATH
8280,32.246,0.004,0.754,8.467,95.358,7.628,16,6,1,0,10,0,1,0,657,CLEARING_PATH
8290,32.277,0.003,0.723,8.444,95.358,7.662,16,6,2,0,10,0,2,0,657,CLEARING_PATH
8300,32.305,0.003,0.695,8.422,95.358,7.695,16,6,2,0,10,0,2,0,657,CLEARING_PATH
8310,32.317,0.001,0.683,8.405,95.358,7.728,16,6,2,0,10,0,2,0,657,CLEARING_PATH
8320,32.31,-0.001,0.69,8.389,95.358,7.762,16,6,2,0,10,0,2,0,657,CLEARING_PATH
8330,32.288,-0.002,0.712,8.374,95.358,7.795,16,6,2,0,10,0,2,0,657,CLEARING_PATH
8340,32.243,-0.004,0.757,8.359,95.358,7.843,17,6,2,0,10,0,2,0,657,CLEARING_PATH
8350,32.182,-0.006,0.818,8.348,95.358,7.893,17,6,2,0,10,0,2,0,657,CLEARING_PATH
8360,32.112,-0.007,0.888,8.343,95.358,7.943,17,6,2,0,10,0,2,0,657,CLEARING_PATH
8370,32.019,-0.009,0.981,8.339,95.358,7.993,17,6,2,0,10,0,2,0,657,CLEARING_PATH
8380,31.907,-0.011,1.093,8.336,95.358,8.043,17,6,2,0,10,0,2,0,657,CLEARING_PATH
8390,31.771,-0.014,1.229,8.331,95.358,8.093,17,6,2,0,10,0,2,0,657,CLEARING_PATH
8400,31.619,-0.015,1.381,8.32,95.358,8.143,17,6,2,0,10,0,2,0,657,CLEARING_PATH
8410,31.456,-0.017,1.544,8.308,97.576,8.193,17,6,2,0,10,0,2,0,657,CLEARING_PATH
8420,31.267,-0.019,1.733,8.294,97.576,8.243,17,6,2,0,10,0,2,0,657,CLEARING_PATH
8430,31.05,-0.022,1.95,8.282,97.576,8.293,17,6,2,0,10,0,2,0,657,CLEARING_PATH
8440,30.801,-0.025,2.199,8.269,97.576,8.343,17,6,2,0,10,0,2,0,657,CLEARING_PATH
8450,30.513,-0.029,2.487,8.256,97.576,8.393,17,6,2,0,10,0,2,0,657,CLEARING_PATH
8460,30.254,-0.026,2.746,8.244,97.576,8.443,17,6,2,0,10,0,2,0,657,CLEARING_PATH
8470,29.984,-0.027,3.016,8.229,97.576,8.493,17,6,2,0,10,0,2,0,657,CLEARING_PATH
8480,29.687,-0.03,3.313,8.211,97.576,8.543,18,6,2,0,10,0,2,0,657,CLEARING_PATH
8490,29.365,-0.032,3.635,8.067,97.576,8.593,18,6,2,1,11,0,2,0,666,INTERSECTION_CONTROL
8500,29.026,-0.034,3.974,7.869,97.576,8.643,18,6,2,1,11,0,2,0,676,INTERSECTION_CONTROL
8510,28.746,-0.029,4.254,7.669,97.576,8.693,18,6,2,1,11,0,2,0,686,INTERSECTION_CONTROL
8520,28.422,-0.033,4.578,7.466,97.576,8.743,18,6,3,1,11,1,2,0,696,INTERSECTION_CONTROL
8530,28.051,-0.037,4.949,7.261,97.576,8.793,18,6,3,1,11,1,2,0,706,INTERSECTION_CONTROL
8540,27.661,-0.039,5.339,7.054,99.794,8.843,18,6,3,1,11,1,2,0,716,INTERSECTION_CONTROL
8550,27.27,-0.039,5.73,6.845,99.794,8.893,17,6,4,1,11,2,2,0,726,INTERSECTION_CONTROL
8560,26.855,-0.042,6.145,6.634,99.794,8.943,17,6,4,1,11,2,2,0,736,INTERSECTION_CONTROL
8570,26.422,-0.043,6.578,6.418,99.794,8.993,17,6,4,1,11,2,2,0,746,INTERSECTION_CONTROL
8580,25.976,-0.045,7.024,6.202,99.794,9.043,18,6,4,1,11,2,2,0,756,INTERSECTION_CONTROL
8590,25.556,-0.042,7.444,5.984,99.794,9.093,18,6,4,1,11,2,2,0,766,INTERSECTION_CONTROL
8600,25.14,-0.042,7.86,5.862,99.794,9.143,18,6,4,0,11,2,2,1,776,INTERSECTION_CONTROL
8610,24.701,-0.044,8.299,5.812,99.794,9.193,18,6,4,0,11,2,2,1,786,INTERSECTION_CONTROL
8620,24.251,-0.045,8.749,5.759,102.011,9.243,18,6,4,0,11,2,2,1,796,INTERSECTION_CONTROL
8630,23.801,-0.045,9.199,5.7,102.011,9.293,18,6,4,0,11,2,2,1,806,INTERSECTION_CONTROL
8640,23.36,-0.044,9.64,5.644,102.011,9.343,18,6,4,0,11,2,2,1,816,INTERSECTION_CONTROL
8650,22.913,-0.045,10.087,5.588,102.011,9.393,18,6,4,0,11,2,2,1,826,INTERSECTION_CONTROL
8660,22.466,-0.045,10.534,5.525,99.794,9.443,18,6,3,1,12,1,2,1,836,INTERSECTION_CONTROL
8670,22.016,-0.045,10.984,5.46,99.794,9.493,19,6,3,1,12,1,2,1,846,INTERSECTION_CONTROL
8680,21.566,-0.045,11.434,5.395,99.794,9.543,19,6,3,1,12,1,2,1,856,INTERSECTION_CONTROL
8690,21.116,-0.045,11.884,5.33,99.794,9.593,19,6,3,1,12,1,2,1,866,INTERSECTION_CONTROL
8700,20.666,-0.045,12.334,5.265,99.794,9.643,19,6,3,1,12,1,2,1,876,INTERSECTION_CONTROL
8710,20.229,-0.044,12.771,5.2,99.794,9.693,19,6,3,1,12,1,2,1,886,INTERSECTION_CONTROL
8720,19.783,-0.045,13.217,5.135,99.794,9.743,19,6,3,1,12,1,2,1,896,INTERSECTION_CONTROL
8730,19.333,-0.045,13.667,5.07,99.794,9.793,19,6,3,1,12,1,2,1,906,INTERSECTION_CONTROL
8740,18.883,-0.045,14.117,5.005,99.794,9.843,19,6,3,1,12,1,2,1,916,INTERSECTION_CONTROL
8750,18.433,-0.045,14.567,4.94,99.794,9.893,19,6,3,1,12,1,2,1,926,INTERSECTION_CONTROL
8760,17.983,-0.045,15.017,4.876,99.794,9.943,20,6,3,1,12,1,2,1,936,INTERSECTION_CONTROL
8770,17.533,-0.045,15.467,4.811,99.794,9.993,20,6,3,1,12,1,2,1,946,INTERSECTION_CONTROL
8780,17.083,-0.045,15.917,4.665,104.229,8.609,20,7,3,1,12,1,2,1,956,INTERSECTION_CONTROL
8790,16.646,-0.042,16.354,4.615,104.229,8.651,20,7,2,1,12,1,1,0,966,INTERSECTION_CONTROL
8800,16.331,-0.033,16.669,4.559,104.229,8.694,20,7,2,1,12,1,1,0,976,INTERSECTION_CONTROL
8810,16.026,-0.031,16.974,4.489,104.229,8.737,20,7,2,1,12,1,1,0,986,INTERSECTION_CONTROL
8820,15.726,-0.03,17.274,4.405,104.229,8.78,20,7,2,1,12,1,1,0,996,INTERSECTION_CONTROL
8830,15.438,-0.029,17.562,4.322,104.229,8.823,20,7,2,0,12,1,1,0,1006,INTERSECTION_CONTROL
8840,15.183,-0.025,17.817,4.253,104.229,8.866,20,7,2,0,12,1,1,0,1016,INTERSECTION_CONTROL
8850,14.944,-0.024,18.056,4.164,104.229,8.909,20,7,2,0,12,1,1,1,1026,INTERSECTION_CONTROL
8860,14.726,-0.022,18.274,4.066,104.229,8.951,21,7,2,0,12,1,1,1,1036,INTERSECTION_CONTROL
8870,14.507,-0.023,18.493,3.958,104.229,8.994,21,7,2,0,13,1,1,1,1046,INTERSECTION_CONTROL
8880,14.263,-0.024,18.737,3.836,104.229,9.037,21,7,2,0,13,1,1,1,1056,INTERSECTION_CONTROL
8890,13.931,-0.035,19.069,3.701,104.229,9.08,21,7,2,0,13,1,1,1,1066,INTERSECTION_CONTROL
8900,13.491,-0.044,19.509,3.553,104.229,9.123,21,7,2,0,13,1,1,1,1076,INTERSECTION_CONTROL
8910,13.041,-0.045,19.959,3.4,104.229,9.166,21,7,2,0,13,1,1,1,1086,INTERSECTION_CONTROL
8920,12.591,-0.045,20.409,3.25,104.229,9.209,21,7,2,0,13,1,1,1,1096,INTERSECTION_CONTROL
8930,12.141,-0.045,20.859,3.102,106.447,9.251,22,7,2,0,13,1,1,1,1106,INTERSECTION_CONTROL
8940,11.691,-0.045,21.309,2.96,106.447,9.294,22,7,2,0,13,1,1,1,1116,INTERSECTION_CONTROL
8950,11.241,-0.045,21.759,2.825,106.447,9.337,22,7,2,0,13,1,1,1,1126,INTERSECTION_CONTROL
8960,10.791,-0.045,22.209,2.71,106.447,9.38,22,7,2,0,13,1,1,1,1136,INTERSECTION_CONTROL
8970,10.349,-0.044,22.651,2.606,106.447,9.423,23,7,2,0,13,0,2,2,1146,INTERSECTION_CONTROL
8980,9.927,-0.042,23.073,2.503,106.447,9.466,23,7,2,0,13,0,2,2,1156,INTERSECTION_CONTROL
8990,9.521,-0.041,23.479,2.398,106.447,9.509,23,7,2,0,13,0,2,2,1166,INTERSECTION_CONTROL
9000,9.144,-0.038,23.856,2.302,108.664,9.551,23,7,2,0,13,0,2,2,1176,INTERSECTION_CONTROL
9010,8.791,-0.035,24.209,2.21,108.664,9.594,23,7,2,0,13,0,2,2,1186,INTERSECTION_CONTROL
9020,8.477,-0.031,24.523,2.123,108.664,9.637,23,7,2,0,13,0,2,2,1196,INTERSECTION_CONTROL
9030,8.223,-0.025,24.777,2.053,110.882,9.68,23,7,2,0,13,0,2,2,1206,INTERSECTION_CONTROL
9040,8.028,-0.019,24.972,1.982,110.882,9.723,23,7,2,0,13,0,2,2,1216,INTERSECTION_CONTROL
9050,7.893,-0.013,25.107,1.91,110.882,9.766,23,7,2,0,13,0,2,2,1226,INTERSECTION_CONTROL
9060,7.819,-0.007,25.181,1.845,110.882,9.809,23,7,2,0,13,0,2,2,1236,INTERSECTION_CONTROL
9070,8.02,0.025,24.98,1.784,110.882,9.856,24,7,2,0,13,0,2,2,1246,INTERSECTION_CONTROL
9080,8.374,0.034,24.626,1.725,110.882,9.913,24,7,2,0,13,0,2,2,1256,INTERSECTION_CONTROL
9090,8.725,0.035,24.275,1.671,110.882,9.97,24,7,2,0,13,0,2,2,1266,INTERSECTION_CONTROL
9100,9.073,0.035,23.927,1.64,110.882,10.027,24,7,2,0,13,0,2,2,1276,INTERSECTION_CONTROL
9110,9.417,0.034,23.583,1.62,110.882,10.084,24,7,2,0,13,0,2,2,1286,INTERSECTION_CONTROL
9120,9.762,0.035,23.238,1.608,110.882,10.141,24,7,2,0,13,0,2,2,1296,INTERSECTION_CONTROL
9130,10.0,0.017,23.0,1.603,110.882,10.199,24,7,2,0,13,0,2,2,1306,INTERSECTION_CONTROL
9140,10.0,0.002,23.0,1.603,110.882,10.256,24,7,2,0,13,0,2,2,1316,INTERSECTION_CONTROL
9150,10.0,0.0,23.0,1.607,110.882,10.313,24,7,2,0,13,0,2,2,1326,INTERSECTION_CONTROL
9160,10.0,0.0,23.0,1.612,110.882,10.37,24,7,2,0,13,0,2,2,1336,INTERSECTION_CONTROL
9170,10.0,0.0,23.0,1.618,110.882,10.427,24,7,2,0,13,0,2,2,1346,INTERSECTION_CONTROL
9180,10.0,0.0,23.0,1.624,110.882,10.484,24,7,1,0,13,0,1,1,1356,INTERSECTION_CONTROL
9190,10.0,0.0,23.0,1.634,110.882,10.541,24,7,1,0,13,0,1,1,1366,INTERSECTION_CONTROL
9200,10.0,0.0,23.0,1.65,113.1,10.606,25,7,1,0,13,0,1,1,1376,INTERSECTION_CONTROL
9210,10.0,0.0,23.0,1.666,113.1,3.956,25,7,1,0,13,0,1,1,1386,INTERSECTION_CONTROL
9220,10.011,0.001,22.989,0.0,34.758,0.0,0,0,0,0,13,0,0,0,1391,CRUISING
9230,10.051,0.004,22.949,0.0,34.758,0.0,0,0,0,0,13,0,0,0,1391,CRUISING
9240,10.122,0.007,22.878,0.0,34.758,0.0,0,0,0,0,13,0,0,0,1391,CRUISING
9250,10.222,0.01,22.778,0.0,34.758,0.0,0,0,0,0,13,0,0,0,1391,CRUISING
9260,10.353,0.013,22.647,0.0,34.758,0.0,0,0,0,0,13,0,0,0,1391,CRUISING
9270,10.513,0.016,22.487,0.0,34.758,0.0,0,0,0,0,13,0,0,0,1391,CRUISING
9280,10.704,0.019,22.296,0.0,34.758,0.0,0,0,0,0,13,0,0,0,1391,CRUISING
9290,10.924,0.022,22.076,0.0,34.758,0.0,0,0,0,0,13,0,0,0,1391,CRUISING
9300,11.175,0.025,21.825,0.0,34.758,0.0,0,0,0,0,13,0,0,0,1391,CRUISING
9310,11.455,0.028,21.545,0.0,34.758,0.0,0,0,0,0,13,0,0,0,1391,CRUISING
9320,11.766,0.031,21.234,0.0,34.758,0.0,0,0,0,0,13,0,0,0,1391,CRUISING
9330,12.106,0.034,20.894,0.0,34.758,0.0,0,0,0,0,13,0,0,0,1391,CRUISING
9340,12.451,0.034,20.549,0.0,34.758,0.0,0,0,0,0,13,0,0,0,1391,CRUISING
9350,12.79,0.034,20.21,0.0,34.758,0.0,0,0,0,0,13,0,0,0,1391,CRUISING
9360,13.125,0.033,19.875,0.0,34.758,0.0,0,0,0,0,13,0,0,0,1391,CRUISING
9370,13.458,0.033,19.542,0.0,34.758,0.0,0,0,0,0,13,0,0,0,1391,CRUISING
9380,13.79,0.033,19.21,0.0,34.758,0.0,0,0,0,0,13,0,0,0,1391,CRUISING
9390,14.117,0.033,18.883,0.0,34.758,0.0,0,0,0,0,13,0,0,0,1391,CRUISING
9400,14.44,0.032,18.56,0.0,34.758,0.0,0,0,0,0,13,0,0,0,1391,CRUISING
9410,14.756,0.032,18.244,0.0,34.758,0.0,0,0,0,0,13,0,0,0,1391,CRUISING
9420,15.025,0.027,17.975,0.0,34.758,0.0,0,0,0,0,13,0,0,0,1391,CRUISING
9430,15.266,0.024,17.734,0.0,34.758,0.0,0,0,0,0,13,0,0,0,1391,CRUISING
9440,15.485,0.022,17.515,0.0,34.758,0.0,0,0,0,0,13,0,0,0,1391,CRUISING
9450,15.553,-0.004,17.447,14.838,55.685,0.0,1,7,4,2,16,2,2,1,1391,CLEARING_PATH
9460,15.103,-0.041,17.897,14.788,55.685,0.0,1,7,4,2,16,2,2,1,1391,CLEARING_PATH
9470,14.653,-0.045,18.347,14.744,55.685,0.0,1,7,4,2,16,2,2,1,1391,CLEARING_PATH
9480,14.203,-0.045,18.797,14.701,55.685,0.0,0,7,4,2,16,2,2,1,1391,CLEARING_PATH
9490,13.753,-0.045,19.247,14.66,55.685,0.0,0,7,4,2,16,2,2,1,1391,CLEARING_PATH
9500,13.303,-0.045,19.697,14.619,55.685,0.0,0,7,4,2,16,2,2,1,1391,CLEARING_PATH
9510,12.853,-0.045,20.147,14.583,55.685,0.0,0,7,4,2,16,2,2,1,1391,CLEARING_PATH
9520,12.672,-0.005,20.328,14.548,55.685,0.0,0,7,3,2,16,2,1,0,1391,CLEARING_PATH
9530,12.878,0.017,20.122,14.509,55.685,0.0,0,7,3,2,16,2,1,0,1391,CLEARING_PATH
9540,13.057,0.017,19.943,14.47,55.685,0.0,0,7,3,2,16,2,1,0,1391,CLEARING_PATH
9550,13.207,0.014,19.793,14.432,55.685,0.0,0,7,2,1,16,0,2,0,1391,CLEARING_PATH
9560,13.31,0.01,19.69,14.397,55.685,0.0,0,7,2,1,16,0,2,0,1391,CLEARING_PATH
9570,13.414,0.01,19.586,12.618,56.923,0.0,0,8,2,1,16,0,2,0,1391,CLEARING_PATH
9580,13.501,0.009,19.499,12.574,56.923,0.0,0,8,2,0,16,0,2,0,1391,CLEARING_PATH
9590,13.56,0.006,19.44,12.535,56.923,0.0,0,8,2,0,16,0,2,0,1391,CLEARING_PATH
9600,13.586,0.002,19.414,12.497,56.923,0.0,0,8,2,0,16,0,2,0,1391,CLEARING_PATH
9610,13.589,0.0,19.411,12.462,56.923,0.0,0,8,2,0,16,0,2,0,1391,CLEARING_PATH
9620,13.567,-0.002,19.433,12.428,56.923,0.0,0,8,2,0,16,0,2,0,1391,CLEARING_PATH
9630,13.52,-0.005,19.48,12.397,56.923,0.0,0,8,2,0,16,0,2,0,1391,CLEARING_PATH
9640,13.457,-0.006,19.543,12.371,56.923,0.0,0,8,2,0,16,0,2,0,1391,CLEARING_PATH
9650,13.393,-0.006,19.607,12.348,55.685,0.0,0,8,2,0,16,0,2,0,1391,CLEARING_PATH
9660,13.383,-0.001,19.617,12.329,55.685,0.0,0,8,2,0,16,0,2,0,1391,CLEARING_PATH
9670,13.408,0.003,19.592,12.31,56.923,0.0,0,8,2,0,16,0,2,0,1391,CLEARING_PATH
9680,13.464,0.006,19.536,12.293,56.923,0.0,0,8,2,0,16,0,2,0,1391,CLEARING_PATH
9690,13.55,0.009,19.45,12.278,56.923,0.0,0,8,2,0,16,0,2,0,1391,CLEARING_PATH
9700,13.666,0.012,19.334,12.285,56.923,0.0,0,8,2,0,16,0,2,0,1391,CLEARING_PATH
9710,13.812,0.015,19.188,12.326,56.923,0.0,0,8,2,0,16,0,2,1,1391,CLEARING_PATH
9720,13.987,0.018,19.013,12.369,56.923,0.0,0,8,2,0,16,0,2,1,1391,CLEARING_PATH
9730,14.193,0.021,18.807,12.416,56.923,0.0,0,8,2,0,16,0,2,1,1391,CLEARING_PATH
9740,14.429,0.024,18.571,12.461,56.923,0.0,0,8,2,0,16,0,2,1,1391,CLEARING_PATH
9750,14.695,0.027,18.305,12.5,56.923,0.0,0,8,2,0,16,0,2,1,1391,CLEARING_PATH
9760,14.991,0.03,18.009,12.542,58.16,0.0,0,8,2,0,16,0,2,1,1391,CLEARING_PATH
9770,15.316,0.033,17.684,12.586,56.923,0.0,0,8,2,0,16,0,2,1,1391,CLEARING_PATH
9780,15.658,0.034,17.342,12.63,56.923,0.0,0,8,2,0,16,0,2,1,1391,CLEARING_PATH
9790,15.996,0.034,17.004,12.676,56.923,0.0,0,8,2,0,16,0,2,1,1391,CLEARING_PATH
9800,16.334,0.034,16.666,12.717,56.923,0.0,0,8,2,0,16,0,2,1,1391,CLEARING_PATH
9810,16.67,0.034,16.33,12.757,56.923,0.0,0,8,2,0,16,0,2,1,1391,CLEARING_PATH
9820,17.004,0.033,15.996,11.501,58.16,0.0,0,9,2,0,16,0,2,1,1391,CLEARING_PATH
9830,17.332,0.033,15.668,11.535,58.16,0.0,0,9,2,0,16,0,2,1,1391,CLEARING_PATH
9840,17.661,0.033,15.339,11.573,58.16,0.0,0,9,2,0,16,0,2,1,1391,CLEARING_PATH
9850,17.995,0.033,15.005,11.614,58.16,0.0,0,9,2,0,16,0,2,1,1391,CLEARING_PATH
9860,18.325,0.033,14.675,11.659,58.16,0.0,0,9,2,0,16,0,2,1,1391,CLEARING_PATH
9870,18.651,0.032,14.349,11.708,58.16,0.0,0,9,2,0,16,0,2,1,1391,CLEARING_PATH
9880,18.97,0.032,14.03,11.757,56.923,0.0,0,9,2,0,16,0,2,1,1391,CLEARING_PATH
9890,18.827,-0.025,14.173,11.81,56.923,0.0,0,9,2,0,16,0,2,1,1391,CLEARING_PATH
9900,18.377,-0.043,14.623,11.866,56.923,0.0,0,9,2,0,16,0,2,1,1391,CLEARING_PATH
9910,17.927,-0.045,15.073,11.924,56.923,0.0,0,9,2,0,16,0,2,1,1391,CLEARING_PATH
9920,17.477,-0.045,15.523,11.984,56.923,0.0,0,9,2,0,16,0,2,1,1391,CLEARING_PATH
9930,17.027,-0.045,15.973,12.043,56.923,0.0,0,9,2,0,16,0,2,1,1391,CLEARING_PATH
9940,16.577,-0.045,16.423,12.1,56.923,0.0,0,9,2,0,16,0,2,1,1391,CLEARING_PATH
9950,16.127,-0.045,16.873,12.156,56.923,0.0,0,9,2,0,16,0,2,1,1391,CLEARING_PATH
9960,15.677,-0.045,17.323,12.211,56.923,0.0,0,9,2,0,16,0,2,1,1391,CLEARING_PATH
9970,15.236,-0.044,17.764,12.266,56.923,0.0,0,9,1,0,16,0,1,0,1391,CLEARING_PATH
9980,14.849,-0.038,18.151,12.325,56.923,0.0,0,9,1,0,16,0,1,0,1391,CLEARING_PATH
9990,14.522,-0.032,18.478,12.382,56.923,0.0,0,9,1,0,16,0,1,0,1391,CLEARING_PATH
10000,14.255,-0.026,18.745,12.439,56.923,0.0,0,9,1,0,16,0,1,0,1391,CLEARING_PATH
10010,14.048,-0.02,18.952,12.494,56.923,0.0,0,9,1,0,16,0,1,0,1391,CLEARING_PATH
10020,13.901,-0.014,19.099,12.55,56.923,0.0,0,9,1,0,16,0,1,0,1391,CLEARING_PATH
10030,13.814,-0.008,19.186,12.606,56.923,0.0,0,9,1,0,16,0,1,0,1391,CLEARING_PATH
10040,13.787,-0.002,19.213,12.663,55.685,0.0,0,9,1,0,16,0,1,0,1391,CLEARING_PATH
10050,13.803,0.002,19.197,12.722,55.685,0.0,0,9,1,0,16,0,1,0,1391,CLEARING_PATH
10060,13.85,0.005,19.15,12.778,56.923,0.0,0,9,1,0,16,0,1,0,1391,CLEARING_PATH
10070,13.926,0.008,19.074,12.836,56.923,0.0,0,9,1,0,16,0,1,0,1391,CLEARING_PATH
10080,14.033,0.011,18.967,12.894,56.923,0.0,0,9,1,0,16,0,1,0,1391,CLEARING_PATH
10090,14.169,0.014,18.831,12.952,56.923,0.0,0,9,1,0,16,0,1,0,1391,CLEARING_PATH
10100,14.336,0.017,18.664,13.009,56.923,0.0,0,9,1,0,16,0,1,0,1391,CLEARING_PATH
10110,14.532,0.02,18.468,13.064,56.923,0.0,0,9,1,0,16,0,1,0,1391,CLEARING_PATH
10120,14.759,0.023,18.241,13.116,56.923,0.0,0,9,1,0,16,0,1,0,1391,CLEARING_PATH
10130,15.015,0.026,17.985,13.166,56.923,0.0,0,9,1,0,16,0,1,0,1391,CLEARING_PATH
10140,15.302,0.029,17.698,13.213,56.923,0.0,0,9,1,0,16,0,1,0,1391,CLEARING_PATH
10150,15.618,0.032,17.382,13.258,56.923,0.0,0,9,1,0,16,0,1,0,1391,CLEARING_PATH
10160,15.958,0.034,17.042,13.303,56.923,0.0,0,9,1,0,16,0,1,0,1391,CLEARING_PATH
10170,16.298,0.034,16.702,13.347,56.923,0.0,0,9,1,0,16,0,1,1,1391,CLEARING_PATH
10180,16.638,0.034,16.362,13.388,56.923,0.0,0,9,1,0,16,0,1,1,1391,CLEARING_PATH
10190,16.98,0.034,16.02,13.428,58.16,0.0,0,9,1,0,16,0,1,1,1391,CLEARING_PATH
10200,17.321,0.034,15.679,13.467,58.16,0.0,0,9,1,0,16,0,1,1,1391,CLEARING_PATH
10210,17.663,0.034,15.337,13.502,58.16,0.0,0,9,1,0,16,0,1,1,1391,CLEARING_PATH
10220,18.0,0.034,15.0,13.535,56.923,0.0,0,9,1,0,16,0,1,1,1391,CLEARING_PATH
10230,18.337,0.034,14.663,13.565,56.923,0.0,0,9,1,0,16,0,1,1,1391,CLEARING_PATH
10240,18.673,0.034,14.327,12.736,58.16,0.0,0,10,1,0,16,0,1,1,1391,CLEARING_PATH
10250,19.009,0.034,13.991,12.761,58.16,0.0,0,10,1,0,16,0,1,1,1391,CLEARING_PATH
10260,19.344,0.033,13.656,12.782,58.16,0.0,0,10,1,0,16,0,1,1,1391,CLEARING_PATH
10270,19.676,0.033,13.324,12.801,58.16,0.0,0,10,1,0,16,0,1,1,1391,CLEARING_PATH
10280,20.006,0.033,12.994,12.815,58.16,0.0,0,10,1,0,16,0,1,1,1391,CLEARING_PATH
10290,20.338,0.033,12.662,12.829,58.16,0.0,0,10,1,0,16,0,1,1,1391,CLEARING_PATH
10300,20.671,0.033,12.329,12.846,59.398,0.0,0,10,1,0,16,0,1,1,1391,CLEARING_PATH
10310,21.003,0.033,11.997,12.862,59.398,0.0,0,10,1,0,16,0,1,1,1391,CLEARING_PATH
10320,20.631,-0.034,12.369,12.874,59.398,0.0,0,10,1,0,16,0,1,1,1391,CLEARING_PATH
10330,20.181,-0.044,12.819,12.881,59.398,0.0,0,10,1,0,16,0,1,1,1391,CLEARING_PATH
10340,19.731,-0.045,13.269,12.886,59.398,0.0,0,10,1,0,16,0,1,1,1391,CLEARING_PATH
10350,19.281,-0.045,13.719,12.885,58.16,0.0,0,10,1,0,16,0,1,1,1391,CLEARING_PATH
10360,18.831,-0.045,14.169,12.878,58.16,0.0,0,10,1,0,16,0,1,1,1391,CLEARING_PATH
10370,18.381,-0.045,14.619,12.867,58.16,0.0,0,10,1,0,16,0,1,1,1391,CLEARING_PATH
10380,17.931,-0.045,15.069,12.852,58.16,0.0,0,10,0,0,16,0,0,0,1391,CRUISING
10390,17.514,-0.041,15.486,12.841,58.16,0.0,0,10,0,0,16,0,0,0,1391,CRUISING
10400,17.157,-0.035,15.843,12.827,58.16,0.0,0,10,0,0,16,0,0,0,1391,CRUISING
10410,16.86,-0.029,16.14,12.809,58.16,0.0,0,10,0,0,16,0,0,0,1391,CRUISING
10420,16.623,-0.023,16.377,12.79,56.923,0.0,0,10,0,0,16,0,0,0,1391,CRUISING
10430,16.446,-0.017,16.554,12.767,56.923,0.0,0,10,0,0,16,0,0,0,1391,CRUISING
10440,16.329,-0.011,16.671,12.749,56.923,0.0,0,10,0,0,16,0,0,0,1391,CRUISING
10450,16.272,-0.005,16.728,12.732,56.923,0.0,0,10,0,0,16,0,0,0,1391,CRUISING
10460,16.271,-0.0,16.729,12.01,58.16,0.0,0,11,0,0,16,0,0,0,1391,CRUISING
10470,16.302,0.003,16.698,11.991,58.16,0.0,0,11,0,0,16,0,0,0,1391,CRUISING
10480,16.364,0.006,16.636,11.972,58.16,0.0,0,11,0,0,16,0,0,0,1391,CRUISING
10490,16.455,0.009,16.545,11.953,56.923,0.0,0,11,0,0,16,0,0,0,1391,CRUISING
10500,16.577,0.012,16.423,11.935,56.923,0.0,0,11,0,0,16,0,0,0,1391,CRUISING
